model,round,symbol,Rank1,Rank2,Rank3,Rank4,Rank5,RPS
Chronos-2 120M (independent quantile sampling),1,ABBV,0.018,0.108,0.159,0.355,0.36,0.04540500000000001
Chronos-2 120M (independent quantile sampling),1,ACN,0.221,0.185,0.134,0.217,0.243,0.1128652
Chronos-2 120M (independent quantile sampling),1,AEP,0.023,0.085,0.12,0.313,0.459,0.16377160000000002
Chronos-2 120M (independent quantile sampling),1,AIZ,0.051,0.113,0.154,0.284,0.398,0.09860499999999998
Chronos-2 120M (independent quantile sampling),1,ALLE,0.199,0.187,0.18,0.218,0.216,0.25072179999999994
Chronos-2 120M (independent quantile sampling),1,AMAT,0.303,0.129,0.098,0.132,0.338,0.1499154
Chronos-2 120M (independent quantile sampling),1,AMP,0.321,0.155,0.14,0.14,0.244,0.1073218
Chronos-2 120M (independent quantile sampling),1,AMZN,0.339,0.199,0.125,0.186,0.151,0.312947
Chronos-2 120M (independent quantile sampling),1,AVB,0.083,0.145,0.147,0.248,0.377,0.1183254
Chronos-2 120M (independent quantile sampling),1,AVY,0.469,0.202,0.121,0.133,0.075,0.14381819999999998
Chronos-2 120M (independent quantile sampling),1,AXP,0.366,0.157,0.13,0.146,0.201,0.17485900000000001
Chronos-2 120M (independent quantile sampling),1,BDX,0.104,0.212,0.23,0.276,0.178,0.30169440000000003
Chronos-2 120M (independent quantile sampling),1,BF-B,0.103,0.165,0.194,0.256,0.282,0.34188019999999997
Chronos-2 120M (independent quantile sampling),1,BMY,0.061,0.182,0.252,0.339,0.166,0.0670702
Chronos-2 120M (independent quantile sampling),1,BR,0.176,0.189,0.194,0.226,0.215,0.1045814
Chronos-2 120M (independent quantile sampling),1,CARR,0.209,0.177,0.15,0.186,0.278,0.14265139999999998
Chronos-2 120M (independent quantile sampling),1,CDW,0.218,0.168,0.137,0.186,0.291,0.10174599999999998
Chronos-2 120M (independent quantile sampling),1,CE,0.304,0.174,0.128,0.184,0.21,0.11284720000000001
Chronos-2 120M (independent quantile sampling),1,CHTR,0.459,0.222,0.132,0.112,0.075,0.0706072
Chronos-2 120M (independent quantile sampling),1,CNC,0.099,0.144,0.128,0.25,0.379,0.22442639999999997
Chronos-2 120M (independent quantile sampling),1,CNP,0.043,0.132,0.118,0.232,0.475,0.06878959999999999
Chronos-2 120M (independent quantile sampling),1,COP,0.076,0.062,0.086,0.166,0.61,0.3446192
Chronos-2 120M (independent quantile sampling),1,CTAS,0.16,0.2,0.175,0.252,0.213,0.21215879999999995
Chronos-2 120M (independent quantile sampling),1,CZR,0.378,0.109,0.084,0.118,0.311,0.18616300000000002
Chronos-2 120M (independent quantile sampling),1,DG,0.124,0.182,0.202,0.247,0.245,0.0854202
Chronos-2 120M (independent quantile sampling),1,DPZ,0.345,0.165,0.126,0.158,0.206,0.1688114
Chronos-2 120M (independent quantile sampling),1,DRE,0.083,0.173,0.194,0.281,0.269,0.0694572
Chronos-2 120M (independent quantile sampling),1,DXC,0.513,0.117,0.083,0.097,0.19,0.1557076
Chronos-2 120M (independent quantile sampling),1,EWA,0.055,0.101,0.172,0.306,0.366,0.053780200000000014
Chronos-2 120M (independent quantile sampling),1,EWC,0.04,0.156,0.227,0.328,0.249,0.08698919999999999
Chronos-2 120M (independent quantile sampling),1,EWG,0.552,0.212,0.104,0.081,0.051,0.5084850000000001
Chronos-2 120M (independent quantile sampling),1,EWH,0.278,0.338,0.226,0.139,0.019,0.09641300000000003
Chronos-2 120M (independent quantile sampling),1,EWJ,0.208,0.364,0.269,0.142,0.017,0.05040360000000001
Chronos-2 120M (independent quantile sampling),1,EWL,0.188,0.374,0.254,0.159,0.025,0.20353380000000007
Chronos-2 120M (independent quantile sampling),1,EWQ,0.39,0.243,0.158,0.138,0.071,0.40830219999999995
Chronos-2 120M (independent quantile sampling),1,EWT,0.137,0.3,0.24,0.241,0.082,0.2345582
Chronos-2 120M (independent quantile sampling),1,EWU,0.292,0.276,0.177,0.176,0.079,0.19383080000000005
Chronos-2 120M (independent quantile sampling),1,EWY,0.258,0.274,0.196,0.197,0.075,0.07303939999999999
Chronos-2 120M (independent quantile sampling),1,EWZ,0.096,0.145,0.152,0.231,0.376,0.12222439999999998
Chronos-2 120M (independent quantile sampling),1,FTV,0.352,0.218,0.151,0.178,0.101,0.0793692
Chronos-2 120M (independent quantile sampling),1,GOOG,0.18,0.177,0.171,0.229,0.243,0.0995364
Chronos-2 120M (independent quantile sampling),1,GPC,0.384,0.205,0.148,0.166,0.097,0.078991
Chronos-2 120M (independent quantile sampling),1,GSG,0.023,0.059,0.055,0.13,0.733,0.6158622
Chronos-2 120M (independent quantile sampling),1,HIG,0.294,0.174,0.161,0.165,0.206,0.1487074
Chronos-2 120M (independent quantile sampling),1,HIGH.L,0.009,0.417,0.53,0.044,0.0,0.06629860000000001
Chronos-2 120M (independent quantile sampling),1,HST,0.282,0.161,0.15,0.159,0.248,0.2385852
Chronos-2 120M (independent quantile sampling),1,HYG,0.003,0.264,0.62,0.113,0.0,0.11001340000000001
Chronos-2 120M (independent quantile sampling),1,IAU,0.008,0.152,0.284,0.411,0.145,0.403965
Chronos-2 120M (independent quantile sampling),1,ICLN,0.227,0.14,0.13,0.168,0.335,0.17509040000000003
Chronos-2 120M (independent quantile sampling),1,IEAA.L,0.0,0.222,0.724,0.054,0.0,0.32164000000000004
Chronos-2 120M (independent quantile sampling),1,IEF,0.005,0.223,0.507,0.26,0.005,0.33125180000000004
Chronos-2 120M (independent quantile sampling),1,IEFM.L,0.326,0.292,0.168,0.151,0.063,0.396793
Chronos-2 120M (independent quantile sampling),1,IEMG,0.315,0.335,0.187,0.139,0.024,0.049774
Chronos-2 120M (independent quantile sampling),1,IEUS,0.43,0.269,0.16,0.093,0.048,0.46353720000000004
Chronos-2 120M (independent quantile sampling),1,IEVL.L,0.293,0.237,0.17,0.182,0.118,0.3269346000000001
Chronos-2 120M (independent quantile sampling),1,IGF,0.04,0.163,0.262,0.373,0.162,0.057055600000000005
Chronos-2 120M (independent quantile sampling),1,INDA,0.303,0.271,0.179,0.168,0.079,0.3673070000000001
Chronos-2 120M (independent quantile sampling),1,IUMO.L,0.24,0.25,0.204,0.186,0.12,0.1587472
Chronos-2 120M (independent quantile sampling),1,IUVL.L,0.167,0.214,0.191,0.208,0.22,0.1285268
Chronos-2 120M (independent quantile sampling),1,IVV,0.118,0.226,0.229,0.298,0.129,0.066246
Chronos-2 120M (independent quantile sampling),1,IWM,0.127,0.21,0.206,0.246,0.211,0.07661360000000002
Chronos-2 120M (independent quantile sampling),1,IXN,0.231,0.23,0.195,0.21,0.134,0.0804348
Chronos-2 120M (independent quantile sampling),1,JPEA.L,0.255,0.408,0.245,0.082,0.01,0.1026316
Chronos-2 120M (independent quantile sampling),1,JPM,0.476,0.199,0.14,0.121,0.064,0.07410439999999999
Chronos-2 120M (independent quantile sampling),1,KR,0.177,0.123,0.088,0.154,0.458,0.35032739999999996
Chronos-2 120M (independent quantile sampling),1,LQD,0.037,0.39,0.436,0.133,0.004,0.2548966
Chronos-2 120M (independent quantile sampling),1,MCHI,0.431,0.275,0.144,0.106,0.044,0.08692659999999999
Chronos-2 120M (independent quantile sampling),1,META,0.445,0.152,0.108,0.129,0.166,0.34940299999999996
Chronos-2 120M (independent quantile sampling),1,MVEU.L,0.13,0.354,0.299,0.193,0.024,0.17296419999999998
Chronos-2 120M (independent quantile sampling),1,OGN,0.042,0.079,0.124,0.215,0.54,0.5104059999999999
Chronos-2 120M (independent quantile sampling),1,PG,0.164,0.266,0.222,0.239,0.109,0.09695619999999999
Chronos-2 120M (independent quantile sampling),1,PPL,0.248,0.216,0.183,0.214,0.139,0.287346
Chronos-2 120M (independent quantile sampling),1,PRU,0.307,0.192,0.127,0.187,0.187,0.279219
Chronos-2 120M (independent quantile sampling),1,PYPL,0.611,0.117,0.078,0.084,0.11,0.46900819999999993
Chronos-2 120M (independent quantile sampling),1,RE,0.266,0.183,0.154,0.191,0.206,0.25328040000000007
Chronos-2 120M (independent quantile sampling),1,REET,0.042,0.203,0.28,0.333,0.142,0.06151559999999999
Chronos-2 120M (independent quantile sampling),1,ROL,0.073,0.114,0.152,0.228,0.433,0.25814159999999997
Chronos-2 120M (independent quantile sampling),1,ROST,0.31,0.153,0.145,0.151,0.241,0.11924280000000001
Chronos-2 120M (independent quantile sampling),1,SEGA.L,0.018,0.404,0.469,0.108,0.001,0.26205799999999996
Chronos-2 120M (independent quantile sampling),1,SHY,0.0,0.131,0.865,0.004,0.0,0.3510354
Chronos-2 120M (independent quantile sampling),1,SLV,0.07,0.144,0.172,0.322,0.292,0.3889912
Chronos-2 120M (independent quantile sampling),1,SPMV.L,0.074,0.186,0.275,0.308,0.157,0.06279
Chronos-2 120M (independent quantile sampling),1,TLT,0.12,0.28,0.24,0.263,0.097,0.25468179999999996
Chronos-2 120M (independent quantile sampling),1,UNH,0.058,0.137,0.162,0.268,0.375,0.11909260000000002
Chronos-2 120M (independent quantile sampling),1,URI,0.255,0.133,0.117,0.16,0.335,0.1825638
Chronos-2 120M (independent quantile sampling),1,V,0.38,0.21,0.144,0.158,0.108,0.365384
Chronos-2 120M (independent quantile sampling),1,VRSK,0.173,0.244,0.207,0.213,0.163,0.2587526
Chronos-2 120M (independent quantile sampling),1,VXX,0.389,0.084,0.052,0.089,0.386,0.2051342
Chronos-2 120M (independent quantile sampling),1,WRK,0.423,0.181,0.126,0.15,0.12,0.21820899999999996
Chronos-2 120M (independent quantile sampling),1,XLB,0.117,0.214,0.208,0.306,0.155,0.08755920000000002
Chronos-2 120M (independent quantile sampling),1,XLC,0.217,0.282,0.215,0.197,0.089,0.07716140000000002
Chronos-2 120M (independent quantile sampling),1,XLE,0.05,0.094,0.092,0.207,0.557,0.1834362
Chronos-2 120M (independent quantile sampling),1,XLF,0.278,0.244,0.213,0.166,0.099,0.08595880000000002
Chronos-2 120M (independent quantile sampling),1,XLI,0.077,0.188,0.202,0.291,0.242,0.17776139999999996
Chronos-2 120M (independent quantile sampling),1,XLK,0.196,0.225,0.201,0.213,0.165,0.0771532
Chronos-2 120M (independent quantile sampling),1,XLP,0.037,0.23,0.322,0.331,0.08,0.14279579999999997
Chronos-2 120M (independent quantile sampling),1,XLU,0.027,0.111,0.156,0.329,0.377,0.049667600000000006
Chronos-2 120M (independent quantile sampling),1,XLV,0.039,0.171,0.279,0.34,0.171,0.06719659999999997
Chronos-2 120M (independent quantile sampling),1,XLY,0.213,0.242,0.173,0.205,0.167,0.13493339999999998
Chronos-2 120M (independent quantile sampling),1,XOM,0.076,0.111,0.107,0.205,0.501,0.4528364
Chronos-2 120M (independent quantile sampling),2,ABBV,0.04,0.125,0.196,0.331,0.308,0.240402
Chronos-2 120M (independent quantile sampling),2,ACN,0.167,0.166,0.157,0.206,0.304,0.29825880000000005
Chronos-2 120M (independent quantile sampling),2,AEP,0.118,0.205,0.271,0.272,0.134,0.09780900000000001
Chronos-2 120M (independent quantile sampling),2,AIZ,0.125,0.157,0.188,0.268,0.262,0.07693860000000001
Chronos-2 120M (independent quantile sampling),2,ALLE,0.317,0.181,0.169,0.182,0.151,0.3028366
Chronos-2 120M (independent quantile sampling),2,AMAT,0.312,0.095,0.094,0.114,0.385,0.2444438
Chronos-2 120M (independent quantile sampling),2,AMP,0.283,0.133,0.124,0.17,0.29,0.23016900000000007
Chronos-2 120M (independent quantile sampling),2,AMZN,0.297,0.151,0.109,0.167,0.276,0.21426760000000006
Chronos-2 120M (independent quantile sampling),2,AVB,0.214,0.186,0.162,0.216,0.222,0.24378479999999997
Chronos-2 120M (independent quantile sampling),2,AVY,0.276,0.162,0.149,0.166,0.247,0.23591960000000006
Chronos-2 120M (independent quantile sampling),2,AXP,0.244,0.147,0.131,0.185,0.293,0.10534999999999999
Chronos-2 120M (independent quantile sampling),2,BDX,0.205,0.225,0.205,0.215,0.15,0.07653
Chronos-2 120M (independent quantile sampling),2,BF-B,0.222,0.225,0.206,0.221,0.126,0.2878756
Chronos-2 120M (independent quantile sampling),2,BMY,0.126,0.217,0.26,0.278,0.119,0.254659
Chronos-2 120M (independent quantile sampling),2,BR,0.193,0.205,0.2,0.226,0.176,0.11844659999999999
Chronos-2 120M (independent quantile sampling),2,CARR,0.203,0.146,0.155,0.169,0.327,0.282391
Chronos-2 120M (independent quantile sampling),2,CDW,0.266,0.165,0.145,0.187,0.237,0.12609239999999997
Chronos-2 120M (independent quantile sampling),2,CE,0.259,0.17,0.139,0.185,0.247,0.22815100000000008
Chronos-2 120M (independent quantile sampling),2,CHTR,0.329,0.201,0.17,0.181,0.119,0.1550604
Chronos-2 120M (independent quantile sampling),2,CNC,0.3,0.137,0.159,0.169,0.235,0.099882
Chronos-2 120M (independent quantile sampling),2,CNP,0.154,0.174,0.202,0.27,0.2,0.09043999999999999
Chronos-2 120M (independent quantile sampling),2,COP,0.205,0.12,0.112,0.16,0.403,0.1254056
Chronos-2 120M (independent quantile sampling),2,CTAS,0.158,0.149,0.154,0.206,0.333,0.10412460000000001
Chronos-2 120M (independent quantile sampling),2,CZR,0.342,0.083,0.079,0.098,0.398,0.23360179999999997
Chronos-2 120M (independent quantile sampling),2,DG,0.255,0.204,0.178,0.183,0.18,0.27077500000000004
Chronos-2 120M (independent quantile sampling),2,DPZ,0.348,0.149,0.132,0.17,0.201,0.171231
Chronos-2 120M (independent quantile sampling),2,DRE,0.14,0.178,0.216,0.253,0.213,0.14944979999999997
Chronos-2 120M (independent quantile sampling),2,DXC,0.359,0.104,0.096,0.119,0.322,0.14308300000000002
Chronos-2 120M (independent quantile sampling),2,EWA,0.095,0.148,0.248,0.292,0.217,0.1776488
Chronos-2 120M (independent quantile sampling),2,EWC,0.105,0.209,0.274,0.269,0.143,0.13436279999999995
Chronos-2 120M (independent quantile sampling),2,EWG,0.291,0.173,0.141,0.185,0.21,0.11442040000000002
Chronos-2 120M (independent quantile sampling),2,EWH,0.211,0.246,0.188,0.228,0.127,0.07910479999999999
Chronos-2 120M (independent quantile sampling),2,EWJ,0.169,0.269,0.257,0.221,0.084,0.08889719999999998
Chronos-2 120M (independent quantile sampling),2,EWL,0.103,0.24,0.263,0.284,0.11,0.059118800000000006
Chronos-2 120M (independent quantile sampling),2,EWQ,0.21,0.162,0.151,0.222,0.255,0.0950076
Chronos-2 120M (independent quantile sampling),2,EWT,0.141,0.214,0.223,0.248,0.174,0.1288532
Chronos-2 120M (independent quantile sampling),2,EWU,0.142,0.238,0.237,0.242,0.141,0.11302680000000001
Chronos-2 120M (independent quantile sampling),2,EWY,0.25,0.214,0.186,0.209,0.141,0.08403540000000001
Chronos-2 120M (independent quantile sampling),2,EWZ,0.142,0.13,0.127,0.193,0.408,0.35876259999999993
Chronos-2 120M (independent quantile sampling),2,FTV,0.278,0.184,0.162,0.178,0.198,0.0942616
Chronos-2 120M (independent quantile sampling),2,GOOG,0.221,0.15,0.151,0.212,0.266,0.26034440000000003
Chronos-2 120M (independent quantile sampling),2,GPC,0.232,0.185,0.157,0.212,0.214,0.23499700000000004
Chronos-2 120M (independent quantile sampling),2,GSG,0.213,0.123,0.133,0.168,0.363,0.156799
Chronos-2 120M (independent quantile sampling),2,HIG,0.276,0.152,0.162,0.178,0.232,0.1322568
Chronos-2 120M (independent quantile sampling),2,HIGH.L,0.027,0.407,0.5,0.065,0.001,0.21228839999999996
Chronos-2 120M (independent quantile sampling),2,HST,0.258,0.108,0.136,0.171,0.327,0.18109060000000002
Chronos-2 120M (independent quantile sampling),2,HYG,0.045,0.402,0.416,0.132,0.005,0.18932560000000004
Chronos-2 120M (independent quantile sampling),2,IAU,0.131,0.28,0.314,0.227,0.048,0.3236022
Chronos-2 120M (independent quantile sampling),2,ICLN,0.261,0.143,0.126,0.164,0.306,0.2431746
Chronos-2 120M (independent quantile sampling),2,IEAA.L,0.004,0.549,0.435,0.012,0.0,0.2563938
Chronos-2 120M (independent quantile sampling),2,IEF,0.089,0.478,0.364,0.069,0.0,0.23923419999999998
Chronos-2 120M (independent quantile sampling),2,IEFM.L,0.151,0.219,0.218,0.24,0.172,0.1070058
Chronos-2 120M (independent quantile sampling),2,IEMG,0.183,0.221,0.216,0.236,0.144,0.0723682
Chronos-2 120M (independent quantile sampling),2,IEUS,0.209,0.177,0.185,0.236,0.193,0.1283934
Chronos-2 120M (independent quantile sampling),2,IEVL.L,0.166,0.197,0.196,0.235,0.206,0.2204484
Chronos-2 120M (independent quantile sampling),2,IGF,0.059,0.176,0.305,0.336,0.124,0.07313639999999999
Chronos-2 120M (independent quantile sampling),2,INDA,0.159,0.176,0.201,0.243,0.221,0.0947286
Chronos-2 120M (independent quantile sampling),2,IUMO.L,0.174,0.195,0.195,0.233,0.203,0.13194839999999997
Chronos-2 120M (independent quantile sampling),2,IUVL.L,0.189,0.224,0.207,0.198,0.182,0.1247628
Chronos-2 120M (independent quantile sampling),2,IVV,0.137,0.205,0.204,0.291,0.163,0.13688360000000005
Chronos-2 120M (independent quantile sampling),2,IWM,0.18,0.201,0.191,0.23,0.198,0.2555898
Chronos-2 120M (independent quantile sampling),2,IXN,0.19,0.175,0.16,0.241,0.234,0.2679412
Chronos-2 120M (independent quantile sampling),2,JPEA.L,0.114,0.359,0.33,0.18,0.017,0.055164599999999994
Chronos-2 120M (independent quantile sampling),2,JPM,0.323,0.184,0.145,0.185,0.163,0.1698102
Chronos-2 120M (independent quantile sampling),2,KR,0.239,0.15,0.134,0.18,0.297,0.104836
Chronos-2 120M (independent quantile sampling),2,LQD,0.083,0.424,0.38,0.107,0.006,0.05534859999999999
Chronos-2 120M (independent quantile sampling),2,MCHI,0.399,0.146,0.12,0.125,0.21,0.10451019999999997
Chronos-2 120M (independent quantile sampling),2,META,0.345,0.121,0.092,0.146,0.296,0.19943220000000003
Chronos-2 120M (independent quantile sampling),2,MVEU.L,0.092,0.254,0.303,0.281,0.07,0.2828562
Chronos-2 120M (independent quantile sampling),2,OGN,0.285,0.168,0.123,0.161,0.263,0.12587580000000004
Chronos-2 120M (independent quantile sampling),2,PG,0.155,0.249,0.221,0.256,0.119,0.2708054
Chronos-2 120M (independent quantile sampling),2,PPL,0.248,0.185,0.177,0.206,0.184,0.1309898
Chronos-2 120M (independent quantile sampling),2,PRU,0.218,0.111,0.147,0.181,0.343,0.17799800000000005
Chronos-2 120M (independent quantile sampling),2,PYPL,0.425,0.099,0.078,0.108,0.29,0.159941
Chronos-2 120M (independent quantile sampling),2,RE,0.212,0.158,0.164,0.204,0.262,0.1455288
Chronos-2 120M (independent quantile sampling),2,REET,0.12,0.232,0.254,0.257,0.137,0.0624618
Chronos-2 120M (independent quantile sampling),2,ROL,0.222,0.176,0.157,0.231,0.214,0.11230180000000001
Chronos-2 120M (independent quantile sampling),2,ROST,0.366,0.179,0.119,0.137,0.199,0.30269559999999995
Chronos-2 120M (independent quantile sampling),2,SEGA.L,0.073,0.476,0.384,0.066,0.001,0.23544399999999993
Chronos-2 120M (independent quantile sampling),2,SHY,0.0,0.503,0.497,0.0,0.0,0.4506018
Chronos-2 120M (independent quantile sampling),2,SLV,0.224,0.209,0.219,0.219,0.129,0.07508200000000001
Chronos-2 120M (independent quantile sampling),2,SPMV.L,0.098,0.217,0.286,0.289,0.11,0.096426
Chronos-2 120M (independent quantile sampling),2,TLT,0.236,0.282,0.224,0.198,0.06,0.07163679999999999
Chronos-2 120M (independent quantile sampling),2,UNH,0.153,0.169,0.168,0.25,0.26,0.1829586
Chronos-2 120M (independent quantile sampling),2,URI,0.249,0.121,0.113,0.157,0.36,0.171158
Chronos-2 120M (independent quantile sampling),2,V,0.225,0.151,0.152,0.194,0.278,0.0984138
Chronos-2 120M (independent quantile sampling),2,VRSK,0.162,0.192,0.215,0.237,0.194,0.1025914
Chronos-2 120M (independent quantile sampling),2,VXX,0.524,0.056,0.051,0.062,0.307,0.2978772000000001
Chronos-2 120M (independent quantile sampling),2,WRK,0.306,0.161,0.126,0.143,0.264,0.24101399999999998
Chronos-2 120M (independent quantile sampling),2,XLB,0.098,0.181,0.202,0.302,0.217,0.07317900000000001
Chronos-2 120M (independent quantile sampling),2,XLC,0.205,0.219,0.206,0.215,0.155,0.2249452
Chronos-2 120M (independent quantile sampling),2,XLE,0.183,0.117,0.164,0.173,0.363,0.09411079999999998
Chronos-2 120M (independent quantile sampling),2,XLF,0.231,0.19,0.212,0.215,0.152,0.10927899999999999
Chronos-2 120M (independent quantile sampling),2,XLI,0.189,0.23,0.212,0.224,0.145,0.07369360000000001
Chronos-2 120M (independent quantile sampling),2,XLK,0.176,0.168,0.206,0.208,0.242,0.2740752000000001
Chronos-2 120M (independent quantile sampling),2,XLP,0.053,0.23,0.357,0.296,0.064,0.2737188
Chronos-2 120M (independent quantile sampling),2,XLU,0.109,0.225,0.269,0.271,0.126,0.059384400000000004
Chronos-2 120M (independent quantile sampling),2,XLV,0.085,0.239,0.304,0.288,0.084,0.0515282
Chronos-2 120M (independent quantile sampling),2,XLY,0.211,0.198,0.182,0.2,0.209,0.23655280000000004
Chronos-2 120M (independent quantile sampling),2,XOM,0.216,0.141,0.12,0.181,0.342,0.16691959999999997
Chronos-2 120M (independent quantile sampling),3,ABBV,0.181,0.181,0.155,0.25,0.233,0.09707659999999999
Chronos-2 120M (independent quantile sampling),3,ACN,0.208,0.175,0.121,0.196,0.3,0.1051938
Chronos-2 120M (independent quantile sampling),3,AEP,0.093,0.181,0.231,0.298,0.197,0.0755118
Chronos-2 120M (independent quantile sampling),3,AIZ,0.123,0.181,0.193,0.278,0.225,0.1606358
Chronos-2 120M (independent quantile sampling),3,ALLE,0.184,0.14,0.139,0.217,0.32,0.17632019999999995
Chronos-2 120M (independent quantile sampling),3,AMAT,0.297,0.11,0.097,0.133,0.363,0.1827286
Chronos-2 120M (independent quantile sampling),3,AMP,0.259,0.156,0.137,0.172,0.276,0.12403720000000003
Chronos-2 120M (independent quantile sampling),3,AMZN,0.398,0.119,0.088,0.13,0.265,0.16438859999999997
Chronos-2 120M (independent quantile sampling),3,AVB,0.266,0.186,0.151,0.187,0.21,0.2081538
Chronos-2 120M (independent quantile sampling),3,AVY,0.171,0.136,0.131,0.204,0.358,0.32229959999999996
Chronos-2 120M (independent quantile sampling),3,AXP,0.208,0.16,0.127,0.21,0.295,0.2737476
Chronos-2 120M (independent quantile sampling),3,BDX,0.23,0.206,0.19,0.199,0.175,0.1330994
Chronos-2 120M (independent quantile sampling),3,BF-B,0.18,0.201,0.212,0.251,0.156,0.1211092
Chronos-2 120M (independent quantile sampling),3,BMY,0.137,0.2,0.216,0.286,0.161,0.0716136
Chronos-2 120M (independent quantile sampling),3,BR,0.218,0.176,0.177,0.214,0.215,0.08660520000000002
Chronos-2 120M (independent quantile sampling),3,CARR,0.277,0.175,0.15,0.155,0.243,0.14049720000000002
Chronos-2 120M (independent quantile sampling),3,CDW,0.205,0.165,0.147,0.192,0.291,0.10617899999999998
Chronos-2 120M (independent quantile sampling),3,CE,0.171,0.136,0.142,0.192,0.359,0.1471944
Chronos-2 120M (independent quantile sampling),3,CHTR,0.498,0.159,0.12,0.118,0.105,0.4168814
Chronos-2 120M (independent quantile sampling),3,CNC,0.282,0.149,0.145,0.18,0.244,0.13131939999999998
Chronos-2 120M (independent quantile sampling),3,CNP,0.138,0.17,0.174,0.269,0.249,0.18204660000000006
Chronos-2 120M (independent quantile sampling),3,COP,0.23,0.12,0.112,0.153,0.385,0.1534138
Chronos-2 120M (independent quantile sampling),3,CTAS,0.159,0.18,0.151,0.228,0.282,0.0959652
Chronos-2 120M (independent quantile sampling),3,CZR,0.321,0.091,0.078,0.1,0.41,0.246997
Chronos-2 120M (independent quantile sampling),3,DG,0.189,0.188,0.175,0.223,0.225,0.2594358
Chronos-2 120M (independent quantile sampling),3,DPZ,0.406,0.16,0.125,0.14,0.169,0.3306468000000001
Chronos-2 120M (independent quantile sampling),3,DRE,0.146,0.157,0.184,0.238,0.275,0.16918380000000002
Chronos-2 120M (independent quantile sampling),3,DXC,0.35,0.13,0.105,0.137,0.278,0.24328180000000002
Chronos-2 120M (independent quantile sampling),3,EWA,0.177,0.247,0.224,0.243,0.109,0.069378
Chronos-2 120M (independent quantile sampling),3,EWC,0.135,0.251,0.243,0.256,0.115,0.06361739999999999
Chronos-2 120M (independent quantile sampling),3,EWG,0.295,0.217,0.169,0.173,0.146,0.1668492
Chronos-2 120M (independent quantile sampling),3,EWH,0.205,0.29,0.206,0.214,0.085,0.15713519999999997
Chronos-2 120M (independent quantile sampling),3,EWJ,0.17,0.282,0.256,0.221,0.071,0.14790179999999997
Chronos-2 120M (independent quantile sampling),3,EWL,0.117,0.274,0.255,0.272,0.082,0.10332199999999998
Chronos-2 120M (independent quantile sampling),3,EWQ,0.206,0.206,0.206,0.227,0.155,0.12362579999999998
Chronos-2 120M (independent quantile sampling),3,EWT,0.201,0.244,0.209,0.238,0.108,0.0739612
Chronos-2 120M (independent quantile sampling),3,EWU,0.137,0.241,0.258,0.248,0.116,0.11592100000000001
Chronos-2 120M (independent quantile sampling),3,EWY,0.229,0.219,0.199,0.21,0.143,0.07964059999999999
Chronos-2 120M (independent quantile sampling),3,EWZ,0.291,0.178,0.135,0.173,0.223,0.2546373999999999
Chronos-2 120M (independent quantile sampling),3,FTV,0.233,0.208,0.177,0.19,0.192,0.25671160000000004
Chronos-2 120M (independent quantile sampling),3,GOOG,0.287,0.144,0.132,0.17,0.267,0.1336776
Chronos-2 120M (independent quantile sampling),3,GPC,0.147,0.158,0.159,0.221,0.315,0.15983099999999997
Chronos-2 120M (independent quantile sampling),3,GSG,0.138,0.122,0.139,0.214,0.387,0.1243228
Chronos-2 120M (independent quantile sampling),3,HIG,0.24,0.144,0.162,0.205,0.249,0.11303460000000001
Chronos-2 120M (independent quantile sampling),3,HIGH.L,0.017,0.41,0.525,0.047,0.001,0.0369846
Chronos-2 120M (independent quantile sampling),3,HST,0.19,0.1,0.088,0.195,0.427,0.13788260000000002
Chronos-2 120M (independent quantile sampling),3,HYG,0.023,0.336,0.472,0.163,0.006,0.16400140000000002
Chronos-2 120M (independent quantile sampling),3,IAU,0.109,0.292,0.313,0.236,0.05,0.0909956
Chronos-2 120M (independent quantile sampling),3,ICLN,0.289,0.149,0.118,0.164,0.28,0.22058019999999998
Chronos-2 120M (independent quantile sampling),3,IEAA.L,0.004,0.413,0.566,0.017,0.0,0.06803879999999998
Chronos-2 120M (independent quantile sampling),3,IEF,0.055,0.44,0.407,0.098,0.0,0.0515308
Chronos-2 120M (independent quantile sampling),3,IEFM.L,0.174,0.264,0.208,0.216,0.138,0.09809600000000002
Chronos-2 120M (independent quantile sampling),3,IEMG,0.21,0.245,0.223,0.214,0.108,0.09129460000000002
Chronos-2 120M (independent quantile sampling),3,IEUS,0.25,0.22,0.216,0.2,0.114,0.0789984
Chronos-2 120M (independent quantile sampling),3,IEVL.L,0.151,0.217,0.201,0.261,0.17,0.1021772
Chronos-2 120M (independent quantile sampling),3,IGF,0.072,0.194,0.305,0.319,0.11,0.23881619999999995
Chronos-2 120M (independent quantile sampling),3,INDA,0.141,0.218,0.217,0.265,0.159,0.2707638
Chronos-2 120M (independent quantile sampling),3,IUMO.L,0.265,0.21,0.201,0.188,0.136,0.18786440000000001
Chronos-2 120M (independent quantile sampling),3,IUVL.L,0.208,0.237,0.216,0.205,0.134,0.07483320000000002
Chronos-2 120M (independent quantile sampling),3,IVV,0.157,0.201,0.198,0.283,0.161,0.07517399999999999
Chronos-2 120M (independent quantile sampling),3,IWM,0.204,0.217,0.189,0.211,0.179,0.0805996
Chronos-2 120M (independent quantile sampling),3,IXN,0.218,0.167,0.162,0.215,0.238,0.1375204
Chronos-2 120M (independent quantile sampling),3,JPEA.L,0.121,0.403,0.343,0.122,0.011,0.06140540000000001
Chronos-2 120M (independent quantile sampling),3,JPM,0.308,0.207,0.133,0.188,0.164,0.29577780000000004
Chronos-2 120M (independent quantile sampling),3,KR,0.229,0.157,0.148,0.194,0.272,0.1441154
Chronos-2 120M (independent quantile sampling),3,LQD,0.073,0.412,0.377,0.132,0.006,0.1967268
Chronos-2 120M (independent quantile sampling),3,MCHI,0.352,0.16,0.142,0.137,0.209,0.10508899999999999
Chronos-2 120M (independent quantile sampling),3,META,0.366,0.115,0.072,0.13,0.317,0.19432300000000002
Chronos-2 120M (independent quantile sampling),3,MVEU.L,0.08,0.261,0.316,0.282,0.061,0.2804102
Chronos-2 120M (independent quantile sampling),3,OGN,0.306,0.162,0.121,0.16,0.251,0.24411639999999996
Chronos-2 120M (independent quantile sampling),3,PG,0.056,0.162,0.2,0.295,0.287,0.3847506
Chronos-2 120M (independent quantile sampling),3,PPL,0.132,0.197,0.183,0.252,0.236,0.194301
Chronos-2 120M (independent quantile sampling),3,PRU,0.225,0.146,0.154,0.197,0.278,0.149835
Chronos-2 120M (independent quantile sampling),3,PYPL,0.485,0.088,0.072,0.109,0.246,0.12681900000000002
Chronos-2 120M (independent quantile sampling),3,RE,0.218,0.178,0.152,0.212,0.24,0.11244880000000002
Chronos-2 120M (independent quantile sampling),3,REET,0.09,0.24,0.24,0.279,0.151,0.29694020000000004
Chronos-2 120M (independent quantile sampling),3,ROL,0.255,0.181,0.15,0.208,0.206,0.24579059999999994
Chronos-2 120M (independent quantile sampling),3,ROST,0.232,0.115,0.12,0.185,0.348,0.28428519999999996
Chronos-2 120M (independent quantile sampling),3,SEGA.L,0.062,0.429,0.407,0.101,0.001,0.051065999999999986
Chronos-2 120M (independent quantile sampling),3,SHY,0.0,0.215,0.781,0.004,0.0,0.0092482
Chronos-2 120M (independent quantile sampling),3,SLV,0.295,0.219,0.214,0.171,0.101,0.16348120000000005
Chronos-2 120M (independent quantile sampling),3,SPMV.L,0.123,0.229,0.273,0.272,0.103,0.1172534
Chronos-2 120M (independent quantile sampling),3,TLT,0.255,0.294,0.229,0.183,0.039,0.06384620000000002
Chronos-2 120M (independent quantile sampling),3,UNH,0.143,0.167,0.135,0.258,0.297,0.17855659999999998
Chronos-2 120M (independent quantile sampling),3,URI,0.264,0.121,0.105,0.145,0.365,0.26264919999999997
Chronos-2 120M (independent quantile sampling),3,V,0.223,0.15,0.141,0.186,0.3,0.15381080000000003
Chronos-2 120M (independent quantile sampling),3,VRSK,0.172,0.199,0.193,0.222,0.214,0.26342340000000003
Chronos-2 120M (independent quantile sampling),3,VXX,0.463,0.079,0.073,0.089,0.296,0.1467948
Chronos-2 120M (independent quantile sampling),3,WRK,0.199,0.144,0.136,0.178,0.343,0.17206800000000003
Chronos-2 120M (independent quantile sampling),3,XLB,0.104,0.2,0.2,0.311,0.185,0.0782946
Chronos-2 120M (independent quantile sampling),3,XLC,0.247,0.211,0.178,0.175,0.189,0.08779800000000001
Chronos-2 120M (independent quantile sampling),3,XLE,0.188,0.127,0.157,0.186,0.342,0.1580634
Chronos-2 120M (independent quantile sampling),3,XLF,0.21,0.21,0.221,0.215,0.144,0.1304234
Chronos-2 120M (independent quantile sampling),3,XLI,0.16,0.238,0.215,0.244,0.143,0.0708444
Chronos-2 120M (independent quantile sampling),3,XLK,0.19,0.165,0.188,0.192,0.265,0.14623980000000006
Chronos-2 120M (independent quantile sampling),3,XLP,0.032,0.179,0.291,0.371,0.127,0.3647356
Chronos-2 120M (independent quantile sampling),3,XLU,0.104,0.218,0.256,0.274,0.148,0.23489760000000004
Chronos-2 120M (independent quantile sampling),3,XLV,0.117,0.253,0.268,0.257,0.105,0.1137316
Chronos-2 120M (independent quantile sampling),3,XLY,0.258,0.198,0.161,0.184,0.199,0.20655800000000002
Chronos-2 120M (independent quantile sampling),3,XOM,0.193,0.128,0.128,0.178,0.373,0.147004
Chronos-2 120M (independent quantile sampling),4,ABBV,0.152,0.188,0.178,0.259,0.223,0.20215140000000004
Chronos-2 120M (independent quantile sampling),4,ACN,0.235,0.173,0.125,0.214,0.253,0.21275739999999993
Chronos-2 120M (independent quantile sampling),4,AEP,0.103,0.195,0.25,0.283,0.169,0.1472556
Chronos-2 120M (independent quantile sampling),4,AIZ,0.152,0.192,0.193,0.256,0.207,0.07973160000000001
Chronos-2 120M (independent quantile sampling),4,ALLE,0.257,0.175,0.171,0.189,0.208,0.21510920000000003
Chronos-2 120M (independent quantile sampling),4,AMAT,0.308,0.108,0.091,0.124,0.369,0.239826
Chronos-2 120M (independent quantile sampling),4,AMP,0.25,0.15,0.132,0.176,0.292,0.2453576
Chronos-2 120M (independent quantile sampling),4,AMZN,0.37,0.147,0.086,0.136,0.261,0.26278379999999996
Chronos-2 120M (independent quantile sampling),4,AVB,0.227,0.189,0.154,0.212,0.218,0.1250018
Chronos-2 120M (independent quantile sampling),4,AVY,0.271,0.168,0.148,0.163,0.25,0.13464620000000002
Chronos-2 120M (independent quantile sampling),4,AXP,0.275,0.16,0.134,0.174,0.257,0.219332
Chronos-2 120M (independent quantile sampling),4,BDX,0.167,0.187,0.179,0.246,0.221,0.20882699999999996
Chronos-2 120M (independent quantile sampling),4,BF-B,0.196,0.211,0.193,0.235,0.165,0.25225800000000004
Chronos-2 120M (independent quantile sampling),4,BMY,0.163,0.211,0.219,0.256,0.151,0.24777899999999997
Chronos-2 120M (independent quantile sampling),4,BR,0.226,0.19,0.186,0.211,0.187,0.24950100000000006
Chronos-2 120M (independent quantile sampling),4,CARR,0.219,0.149,0.153,0.167,0.312,0.15483399999999997
Chronos-2 120M (independent quantile sampling),4,CDW,0.254,0.17,0.143,0.193,0.24,0.12467620000000001
Chronos-2 120M (independent quantile sampling),4,CE,0.192,0.153,0.137,0.184,0.334,0.2923538
Chronos-2 120M (independent quantile sampling),4,CHTR,0.29,0.164,0.152,0.197,0.197,0.1152522
Chronos-2 120M (independent quantile sampling),4,CNC,0.259,0.135,0.124,0.182,0.3,0.19612819999999997
Chronos-2 120M (independent quantile sampling),4,CNP,0.107,0.171,0.177,0.293,0.252,0.33585239999999994
Chronos-2 120M (independent quantile sampling),4,COP,0.208,0.113,0.104,0.147,0.428,0.3204228
Chronos-2 120M (independent quantile sampling),4,CTAS,0.215,0.186,0.148,0.217,0.234,0.11263660000000002
Chronos-2 120M (independent quantile sampling),4,CZR,0.388,0.091,0.058,0.099,0.364,0.19857
Chronos-2 120M (independent quantile sampling),4,DG,0.303,0.146,0.131,0.154,0.266,0.2337132
Chronos-2 120M (independent quantile sampling),4,DPZ,0.309,0.158,0.128,0.162,0.243,0.2481288
Chronos-2 120M (independent quantile sampling),4,DRE,0.177,0.172,0.169,0.212,0.27,0.19087079999999998
Chronos-2 120M (independent quantile sampling),4,DXC,0.275,0.107,0.095,0.142,0.381,0.1752478
Chronos-2 120M (independent quantile sampling),4,EWA,0.154,0.246,0.222,0.248,0.13,0.24709999999999996
Chronos-2 120M (independent quantile sampling),4,EWC,0.118,0.22,0.257,0.244,0.161,0.1284228
Chronos-2 120M (independent quantile sampling),4,EWG,0.25,0.233,0.174,0.196,0.147,0.0938094
Chronos-2 120M (independent quantile sampling),4,EWH,0.19,0.288,0.198,0.222,0.102,0.3055928
Chronos-2 120M (independent quantile sampling),4,EWJ,0.161,0.286,0.256,0.219,0.078,0.0640046
Chronos-2 120M (independent quantile sampling),4,EWL,0.106,0.258,0.264,0.272,0.1,0.05842320000000001
Chronos-2 120M (independent quantile sampling),4,EWQ,0.166,0.227,0.205,0.253,0.149,0.07316200000000002
Chronos-2 120M (independent quantile sampling),4,EWT,0.164,0.225,0.194,0.24,0.177,0.076687
Chronos-2 120M (independent quantile sampling),4,EWU,0.13,0.246,0.244,0.256,0.124,0.0636104
Chronos-2 120M (independent quantile sampling),4,EWY,0.26,0.212,0.186,0.195,0.147,0.1929914
Chronos-2 120M (independent quantile sampling),4,EWZ,0.235,0.163,0.133,0.18,0.289,0.25022219999999995
Chronos-2 120M (independent quantile sampling),4,FTV,0.266,0.204,0.16,0.191,0.179,0.10411940000000001
Chronos-2 120M (independent quantile sampling),4,GOOG,0.295,0.151,0.131,0.172,0.251,0.23597419999999997
Chronos-2 120M (independent quantile sampling),4,GPC,0.184,0.169,0.154,0.219,0.274,0.18851800000000002
Chronos-2 120M (independent quantile sampling),4,GSG,0.096,0.118,0.147,0.248,0.391,0.12324280000000001
Chronos-2 120M (independent quantile sampling),4,HIG,0.279,0.155,0.173,0.17,0.223,0.120475
Chronos-2 120M (independent quantile sampling),4,HIGH.L,0.012,0.305,0.589,0.091,0.003,0.021895600000000005
Chronos-2 120M (independent quantile sampling),4,HST,0.31,0.141,0.127,0.14,0.282,0.2070218
Chronos-2 120M (independent quantile sampling),4,HYG,0.022,0.319,0.464,0.188,0.007,0.0309678
Chronos-2 120M (independent quantile sampling),4,IAU,0.12,0.268,0.282,0.254,0.076,0.29352399999999995
Chronos-2 120M (independent quantile sampling),4,ICLN,0.226,0.132,0.116,0.167,0.359,0.1065594
Chronos-2 120M (independent quantile sampling),4,IEAA.L,0.0,0.377,0.599,0.024,0.0,0.218941
Chronos-2 120M (independent quantile sampling),4,IEF,0.046,0.423,0.412,0.119,0.0,0.19964759999999998
Chronos-2 120M (independent quantile sampling),4,IEFM.L,0.137,0.248,0.225,0.229,0.161,0.11300299999999999
Chronos-2 120M (independent quantile sampling),4,IEMG,0.219,0.256,0.208,0.205,0.112,0.15052379999999999
Chronos-2 120M (independent quantile sampling),4,IEUS,0.202,0.201,0.212,0.247,0.138,0.11289639999999998
Chronos-2 120M (independent quantile sampling),4,IEVL.L,0.109,0.216,0.227,0.276,0.172,0.13955879999999998
Chronos-2 120M (independent quantile sampling),4,IGF,0.068,0.204,0.308,0.316,0.104,0.14436479999999996
Chronos-2 120M (independent quantile sampling),4,INDA,0.136,0.217,0.229,0.271,0.147,0.10068759999999999
Chronos-2 120M (independent quantile sampling),4,IUMO.L,0.202,0.222,0.17,0.223,0.183,0.083781
Chronos-2 120M (independent quantile sampling),4,IUVL.L,0.148,0.229,0.22,0.206,0.197,0.1222502
Chronos-2 120M (independent quantile sampling),4,IVV,0.187,0.232,0.196,0.251,0.134,0.07534220000000001
Chronos-2 120M (independent quantile sampling),4,IWM,0.207,0.221,0.17,0.216,0.186,0.08444660000000001
Chronos-2 120M (independent quantile sampling),4,IXN,0.265,0.188,0.16,0.205,0.182,0.09166540000000001
Chronos-2 120M (independent quantile sampling),4,JPEA.L,0.034,0.355,0.415,0.184,0.012,0.038207399999999996
Chronos-2 120M (independent quantile sampling),4,JPM,0.245,0.176,0.138,0.205,0.236,0.2310886
Chronos-2 120M (independent quantile sampling),4,KR,0.207,0.166,0.128,0.189,0.31,0.15621580000000002
Chronos-2 120M (independent quantile sampling),4,LQD,0.061,0.398,0.378,0.156,0.007,0.183004
Chronos-2 120M (independent quantile sampling),4,MCHI,0.326,0.159,0.137,0.146,0.232,0.2636418
Chronos-2 120M (independent quantile sampling),4,META,0.379,0.122,0.077,0.118,0.304,0.18102840000000003
Chronos-2 120M (independent quantile sampling),4,MVEU.L,0.068,0.255,0.32,0.294,0.063,0.0480742
Chronos-2 120M (independent quantile sampling),4,OGN,0.193,0.132,0.129,0.156,0.39,0.188618
Chronos-2 120M (independent quantile sampling),4,PG,0.134,0.232,0.196,0.266,0.172,0.09946800000000001
Chronos-2 120M (independent quantile sampling),4,PPL,0.11,0.213,0.213,0.279,0.185,0.14399
Chronos-2 120M (independent quantile sampling),4,PRU,0.21,0.134,0.157,0.201,0.298,0.1624482
Chronos-2 120M (independent quantile sampling),4,PYPL,0.418,0.105,0.09,0.109,0.278,0.1258612
Chronos-2 120M (independent quantile sampling),4,RE,0.233,0.193,0.161,0.207,0.206,0.24215400000000004
Chronos-2 120M (independent quantile sampling),4,REET,0.137,0.26,0.257,0.237,0.109,0.061595
Chronos-2 120M (independent quantile sampling),4,ROL,0.174,0.168,0.139,0.216,0.303,0.094082
Chronos-2 120M (independent quantile sampling),4,ROST,0.348,0.122,0.111,0.123,0.296,0.19383620000000004
Chronos-2 120M (independent quantile sampling),4,SEGA.L,0.054,0.406,0.406,0.128,0.006,0.19290160000000006
Chronos-2 120M (independent quantile sampling),4,SHY,0.0,0.229,0.766,0.005,0.0,0.4084932
Chronos-2 120M (independent quantile sampling),4,SLV,0.282,0.197,0.189,0.185,0.147,0.1553596
Chronos-2 120M (independent quantile sampling),4,SPMV.L,0.113,0.24,0.283,0.261,0.103,0.11049659999999997
Chronos-2 120M (independent quantile sampling),4,TLT,0.213,0.289,0.221,0.211,0.066,0.07569160000000001
Chronos-2 120M (independent quantile sampling),4,UNH,0.174,0.175,0.154,0.245,0.252,0.19291799999999998
Chronos-2 120M (independent quantile sampling),4,URI,0.318,0.133,0.101,0.133,0.315,0.21329079999999995
Chronos-2 120M (independent quantile sampling),4,V,0.314,0.171,0.135,0.17,0.21,0.1524642
Chronos-2 120M (independent quantile sampling),4,VRSK,0.22,0.22,0.203,0.192,0.165,0.1365348
Chronos-2 120M (independent quantile sampling),4,VXX,0.555,0.066,0.066,0.092,0.221,0.3544952
Chronos-2 120M (independent quantile sampling),4,WRK,0.296,0.143,0.112,0.145,0.304,0.22087080000000006
Chronos-2 120M (independent quantile sampling),4,XLB,0.125,0.204,0.188,0.292,0.191,0.29712720000000004
Chronos-2 120M (independent quantile sampling),4,XLC,0.273,0.229,0.171,0.178,0.149,0.09113260000000001
Chronos-2 120M (independent quantile sampling),4,XLE,0.196,0.122,0.147,0.168,0.367,0.3064908
Chronos-2 120M (independent quantile sampling),4,XLF,0.183,0.192,0.195,0.251,0.179,0.128211
Chronos-2 120M (independent quantile sampling),4,XLI,0.163,0.239,0.212,0.237,0.149,0.07187400000000002
Chronos-2 120M (independent quantile sampling),4,XLK,0.254,0.205,0.158,0.18,0.203,0.092619
Chronos-2 120M (independent quantile sampling),4,XLP,0.066,0.214,0.296,0.316,0.108,0.0852392
Chronos-2 120M (independent quantile sampling),4,XLU,0.094,0.226,0.25,0.278,0.152,0.13584799999999997
Chronos-2 120M (independent quantile sampling),4,XLV,0.097,0.236,0.266,0.283,0.118,0.0986046
Chronos-2 120M (independent quantile sampling),4,XLY,0.311,0.186,0.145,0.152,0.206,0.15966600000000003
Chronos-2 120M (independent quantile sampling),4,XOM,0.204,0.129,0.12,0.176,0.371,0.303071
Chronos-2 120M (independent quantile sampling),5,ABBV,0.149,0.191,0.188,0.26,0.212,0.1451058
Chronos-2 120M (independent quantile sampling),5,ACN,0.229,0.171,0.131,0.195,0.274,0.24989559999999997
Chronos-2 120M (independent quantile sampling),5,AEP,0.135,0.214,0.247,0.269,0.135,0.0642934
Chronos-2 120M (independent quantile sampling),5,AIZ,0.145,0.183,0.209,0.259,0.204,0.1457188
Chronos-2 120M (independent quantile sampling),5,ALLE,0.252,0.181,0.172,0.194,0.201,0.1314838
Chronos-2 120M (independent quantile sampling),5,AMAT,0.322,0.112,0.094,0.126,0.346,0.199708
Chronos-2 120M (independent quantile sampling),5,AMP,0.239,0.151,0.132,0.19,0.288,0.1481298
Chronos-2 120M (independent quantile sampling),5,AMZN,0.382,0.14,0.091,0.138,0.249,0.2716356
Chronos-2 120M (independent quantile sampling),5,AVB,0.203,0.18,0.16,0.21,0.247,0.1087512
Chronos-2 120M (independent quantile sampling),5,AVY,0.221,0.151,0.152,0.177,0.299,0.19064040000000002
Chronos-2 120M (independent quantile sampling),5,AXP,0.225,0.158,0.124,0.187,0.306,0.1871998
Chronos-2 120M (independent quantile sampling),5,BDX,0.195,0.226,0.199,0.211,0.169,0.23124539999999993
Chronos-2 120M (independent quantile sampling),5,BF-B,0.177,0.194,0.194,0.229,0.206,0.13172620000000002
Chronos-2 120M (independent quantile sampling),5,BMY,0.132,0.223,0.241,0.276,0.128,0.2698098
Chronos-2 120M (independent quantile sampling),5,BR,0.235,0.17,0.182,0.205,0.208,0.23821659999999997
Chronos-2 120M (independent quantile sampling),5,CARR,0.183,0.155,0.15,0.188,0.324,0.16857059999999996
Chronos-2 120M (independent quantile sampling),5,CDW,0.214,0.163,0.155,0.192,0.276,0.10942500000000002
Chronos-2 120M (independent quantile sampling),5,CE,0.18,0.131,0.142,0.182,0.365,0.31591100000000005
Chronos-2 120M (independent quantile sampling),5,CHTR,0.354,0.164,0.145,0.17,0.167,0.3054196
Chronos-2 120M (independent quantile sampling),5,CNC,0.287,0.141,0.154,0.17,0.248,0.2339562
Chronos-2 120M (independent quantile sampling),5,CNP,0.166,0.164,0.172,0.266,0.232,0.0884568
Chronos-2 120M (independent quantile sampling),5,COP,0.263,0.124,0.088,0.135,0.39,0.17453259999999998
Chronos-2 120M (independent quantile sampling),5,CTAS,0.191,0.187,0.149,0.229,0.244,0.20572600000000002
Chronos-2 120M (independent quantile sampling),5,CZR,0.371,0.093,0.059,0.097,0.38,0.21097320000000006
Chronos-2 120M (independent quantile sampling),5,DG,0.19,0.171,0.172,0.207,0.26,0.09042200000000003
Chronos-2 120M (independent quantile sampling),5,DPZ,0.277,0.161,0.149,0.182,0.231,0.0985006
Chronos-2 120M (independent quantile sampling),5,DRE,0.159,0.147,0.16,0.217,0.317,0.0873124
Chronos-2 120M (independent quantile sampling),5,DXC,0.287,0.116,0.094,0.139,0.364,0.2500566
Chronos-2 120M (independent quantile sampling),5,EWA,0.154,0.234,0.216,0.256,0.14,0.07013520000000001
Chronos-2 120M (independent quantile sampling),5,EWC,0.128,0.216,0.253,0.244,0.159,0.126882
Chronos-2 120M (independent quantile sampling),5,EWG,0.279,0.219,0.177,0.182,0.143,0.17958380000000002
Chronos-2 120M (independent quantile sampling),5,EWH,0.136,0.286,0.239,0.244,0.095,0.09530520000000002
Chronos-2 120M (independent quantile sampling),5,EWJ,0.152,0.262,0.255,0.241,0.09,0.1300322
Chronos-2 120M (independent quantile sampling),5,EWL,0.106,0.237,0.266,0.276,0.115,0.05899819999999999
Chronos-2 120M (independent quantile sampling),5,EWQ,0.191,0.208,0.208,0.236,0.157,0.11535599999999999
Chronos-2 120M (independent quantile sampling),5,EWT,0.151,0.213,0.212,0.243,0.181,0.26756680000000005
Chronos-2 120M (independent quantile sampling),5,EWU,0.171,0.239,0.228,0.233,0.129,0.10500519999999999
Chronos-2 120M (independent quantile sampling),5,EWY,0.241,0.211,0.189,0.211,0.148,0.10183400000000002
Chronos-2 120M (independent quantile sampling),5,EWZ,0.31,0.176,0.145,0.179,0.19,0.18251139999999996
Chronos-2 120M (independent quantile sampling),5,FTV,0.236,0.206,0.164,0.203,0.191,0.1309554
Chronos-2 120M (independent quantile sampling),5,GOOG,0.265,0.149,0.13,0.173,0.283,0.23432919999999996
Chronos-2 120M (independent quantile sampling),5,GPC,0.171,0.163,0.171,0.216,0.279,0.1831326
Chronos-2 120M (independent quantile sampling),5,GSG,0.186,0.151,0.152,0.217,0.294,0.2899444
Chronos-2 120M (independent quantile sampling),5,HIG,0.233,0.13,0.144,0.199,0.294,0.2647086
Chronos-2 120M (independent quantile sampling),5,HIGH.L,0.014,0.337,0.553,0.093,0.003,0.18812440000000005
Chronos-2 120M (independent quantile sampling),5,HST,0.249,0.091,0.116,0.166,0.378,0.1544842
Chronos-2 120M (independent quantile sampling),5,HYG,0.054,0.345,0.409,0.177,0.015,0.16304119999999997
Chronos-2 120M (independent quantile sampling),5,IAU,0.105,0.274,0.31,0.252,0.059,0.25737360000000004
Chronos-2 120M (independent quantile sampling),5,ICLN,0.299,0.16,0.111,0.164,0.266,0.11114760000000001
Chronos-2 120M (independent quantile sampling),5,IEAA.L,0.007,0.445,0.514,0.034,0.0,0.42750180000000004
Chronos-2 120M (independent quantile sampling),5,IEF,0.072,0.439,0.37,0.118,0.001,0.2084934
Chronos-2 120M (independent quantile sampling),5,IEFM.L,0.119,0.229,0.255,0.244,0.153,0.06325660000000001
Chronos-2 120M (independent quantile sampling),5,IEMG,0.201,0.245,0.215,0.216,0.123,0.2150734
Chronos-2 120M (independent quantile sampling),5,IEUS,0.2,0.196,0.212,0.252,0.14,0.11561599999999998
Chronos-2 120M (independent quantile sampling),5,IEVL.L,0.122,0.222,0.24,0.261,0.155,0.1284602
Chronos-2 120M (independent quantile sampling),5,IGF,0.089,0.203,0.297,0.311,0.1,0.13762119999999997
Chronos-2 120M (independent quantile sampling),5,INDA,0.114,0.215,0.235,0.282,0.154,0.0926098
Chronos-2 120M (independent quantile sampling),5,IUMO.L,0.208,0.228,0.205,0.203,0.156,0.07731539999999999
Chronos-2 120M (independent quantile sampling),5,IUVL.L,0.119,0.223,0.211,0.232,0.215,0.07543180000000002
Chronos-2 120M (independent quantile sampling),5,IVV,0.191,0.21,0.194,0.252,0.153,0.07694320000000002
Chronos-2 120M (independent quantile sampling),5,IWM,0.192,0.212,0.191,0.214,0.191,0.1181172
Chronos-2 120M (independent quantile sampling),5,IXN,0.252,0.183,0.152,0.209,0.204,0.12778279999999997
Chronos-2 120M (independent quantile sampling),5,JPEA.L,0.054,0.417,0.412,0.113,0.004,0.0592924
Chronos-2 120M (independent quantile sampling),5,JPM,0.227,0.171,0.155,0.203,0.244,0.1346556
Chronos-2 120M (independent quantile sampling),5,KR,0.218,0.171,0.137,0.197,0.277,0.25725000000000003
Chronos-2 120M (independent quantile sampling),5,LQD,0.093,0.414,0.361,0.124,0.008,0.20383720000000002
Chronos-2 120M (independent quantile sampling),5,MCHI,0.371,0.173,0.137,0.127,0.192,0.1484404
Chronos-2 120M (independent quantile sampling),5,META,0.422,0.102,0.086,0.118,0.272,0.1261488
Chronos-2 120M (independent quantile sampling),5,MVEU.L,0.061,0.234,0.324,0.315,0.066,0.0956526
Chronos-2 120M (independent quantile sampling),5,OGN,0.268,0.163,0.123,0.156,0.29,0.2285202
Chronos-2 120M (independent quantile sampling),5,PG,0.173,0.213,0.166,0.253,0.195,0.08353079999999999
Chronos-2 120M (independent quantile sampling),5,PPL,0.186,0.204,0.2,0.225,0.185,0.07780419999999999
Chronos-2 120M (independent quantile sampling),5,PRU,0.196,0.127,0.159,0.198,0.32,0.1734938
Chronos-2 120M (independent quantile sampling),5,PYPL,0.438,0.094,0.078,0.111,0.279,0.2733618
Chronos-2 120M (independent quantile sampling),5,RE,0.208,0.184,0.161,0.218,0.229,0.2498356
Chronos-2 120M (independent quantile sampling),5,REET,0.125,0.24,0.243,0.257,0.135,0.0641478
Chronos-2 120M (independent quantile sampling),5,ROL,0.195,0.183,0.155,0.232,0.235,0.1040446
Chronos-2 120M (independent quantile sampling),5,ROST,0.281,0.12,0.132,0.153,0.314,0.19888940000000002
Chronos-2 120M (independent quantile sampling),5,SEGA.L,0.084,0.431,0.378,0.105,0.002,0.2139468
Chronos-2 120M (independent quantile sampling),5,SHY,0.0,0.265,0.733,0.002,0.0,0.014045800000000002
Chronos-2 120M (independent quantile sampling),5,SLV,0.266,0.194,0.205,0.204,0.131,0.19194840000000002
Chronos-2 120M (independent quantile sampling),5,SPMV.L,0.11,0.222,0.266,0.278,0.124,0.09906080000000002
Chronos-2 120M (independent quantile sampling),5,TLT,0.274,0.288,0.221,0.179,0.038,0.38589060000000003
Chronos-2 120M (independent quantile sampling),5,UNH,0.164,0.17,0.172,0.241,0.253,0.19049939999999999
Chronos-2 120M (independent quantile sampling),5,URI,0.288,0.128,0.099,0.147,0.338,0.19189380000000003
Chronos-2 120M (independent quantile sampling),5,V,0.265,0.17,0.129,0.184,0.252,0.22741000000000003
Chronos-2 120M (independent quantile sampling),5,VRSK,0.189,0.212,0.199,0.224,0.176,0.24709960000000003
Chronos-2 120M (independent quantile sampling),5,VXX,0.562,0.099,0.077,0.071,0.191,0.082378
Chronos-2 120M (independent quantile sampling),5,WRK,0.282,0.146,0.11,0.153,0.309,0.11432660000000001
Chronos-2 120M (independent quantile sampling),5,XLB,0.118,0.18,0.199,0.28,0.223,0.1618932
Chronos-2 120M (independent quantile sampling),5,XLC,0.258,0.216,0.174,0.176,0.176,0.09962400000000003
Chronos-2 120M (independent quantile sampling),5,XLE,0.216,0.143,0.147,0.143,0.351,0.1649548
Chronos-2 120M (independent quantile sampling),5,XLF,0.164,0.202,0.193,0.267,0.174,0.0771218
Chronos-2 120M (independent quantile sampling),5,XLI,0.121,0.218,0.222,0.258,0.181,0.09540879999999999
Chronos-2 120M (independent quantile sampling),5,XLK,0.236,0.205,0.166,0.175,0.218,0.13323
Chronos-2 120M (independent quantile sampling),5,XLP,0.088,0.208,0.281,0.297,0.126,0.058033
Chronos-2 120M (independent quantile sampling),5,XLU,0.106,0.212,0.244,0.278,0.16,0.06596079999999999
Chronos-2 120M (independent quantile sampling),5,XLV,0.112,0.239,0.256,0.265,0.128,0.061315600000000005
Chronos-2 120M (independent quantile sampling),5,XLY,0.274,0.182,0.145,0.163,0.236,0.2455818
Chronos-2 120M (independent quantile sampling),5,XOM,0.227,0.141,0.111,0.177,0.344,0.11534600000000002
Chronos-2 120M (independent quantile sampling),6,ABBV,0.118,0.185,0.206,0.279,0.212,0.30995160000000005
Chronos-2 120M (independent quantile sampling),6,ACN,0.213,0.176,0.132,0.203,0.276,0.10886140000000002
Chronos-2 120M (independent quantile sampling),6,AEP,0.145,0.218,0.246,0.242,0.149,0.24957519999999994
Chronos-2 120M (independent quantile sampling),6,AIZ,0.186,0.23,0.214,0.222,0.148,0.1068912
Chronos-2 120M (independent quantile sampling),6,ALLE,0.239,0.193,0.168,0.198,0.202,0.11610980000000001
Chronos-2 120M (independent quantile sampling),6,AMAT,0.302,0.104,0.085,0.123,0.386,0.17042340000000003
Chronos-2 120M (independent quantile sampling),6,AMP,0.233,0.159,0.133,0.187,0.288,0.1981044
Chronos-2 120M (independent quantile sampling),6,AMZN,0.342,0.129,0.091,0.124,0.314,0.225049
Chronos-2 120M (independent quantile sampling),6,AVB,0.212,0.198,0.181,0.215,0.194,0.1199922
Chronos-2 120M (independent quantile sampling),6,AVY,0.22,0.144,0.147,0.168,0.321,0.18061160000000004
Chronos-2 120M (independent quantile sampling),6,AXP,0.207,0.147,0.14,0.189,0.317,0.10493799999999998
Chronos-2 120M (independent quantile sampling),6,BDX,0.224,0.231,0.182,0.196,0.167,0.1381718
Chronos-2 120M (independent quantile sampling),6,BF-B,0.189,0.211,0.213,0.226,0.161,0.11948220000000001
Chronos-2 120M (independent quantile sampling),6,BMY,0.164,0.238,0.257,0.231,0.11,0.06337620000000001
Chronos-2 120M (independent quantile sampling),6,BR,0.212,0.169,0.168,0.225,0.226,0.21811640000000004
Chronos-2 120M (independent quantile sampling),6,CARR,0.166,0.146,0.147,0.193,0.348,0.15213699999999997
Chronos-2 120M (independent quantile sampling),6,CDW,0.243,0.17,0.155,0.178,0.254,0.22175160000000002
Chronos-2 120M (independent quantile sampling),6,CE,0.243,0.172,0.12,0.182,0.283,0.13951760000000002
Chronos-2 120M (independent quantile sampling),6,CHTR,0.312,0.179,0.149,0.182,0.178,0.17874179999999995
Chronos-2 120M (independent quantile sampling),6,CNC,0.282,0.142,0.15,0.169,0.257,0.13096499999999997
Chronos-2 120M (independent quantile sampling),6,CNP,0.15,0.176,0.189,0.274,0.211,0.20330439999999994
Chronos-2 120M (independent quantile sampling),6,COP,0.223,0.111,0.11,0.142,0.414,0.14036339999999997
Chronos-2 120M (independent quantile sampling),6,CTAS,0.173,0.192,0.156,0.235,0.244,0.20122620000000002
Chronos-2 120M (independent quantile sampling),6,CZR,0.402,0.085,0.061,0.093,0.359,0.16559160000000003
Chronos-2 120M (independent quantile sampling),6,DG,0.212,0.193,0.179,0.204,0.212,0.12339379999999997
Chronos-2 120M (independent quantile sampling),6,DPZ,0.264,0.165,0.155,0.185,0.231,0.12443079999999998
Chronos-2 120M (independent quantile sampling),6,DRE,0.166,0.16,0.163,0.215,0.296,0.09651380000000001
Chronos-2 120M (independent quantile sampling),6,DXC,0.306,0.128,0.112,0.13,0.324,0.2226168
Chronos-2 120M (independent quantile sampling),6,EWA,0.172,0.227,0.206,0.241,0.154,0.07370520000000001
Chronos-2 120M (independent quantile sampling),6,EWC,0.186,0.239,0.201,0.216,0.158,0.0760122
Chronos-2 120M (independent quantile sampling),6,EWG,0.264,0.2,0.167,0.193,0.176,0.19922579999999998
Chronos-2 120M (independent quantile sampling),6,EWH,0.13,0.282,0.226,0.25,0.112,0.2492464
Chronos-2 120M (independent quantile sampling),6,EWJ,0.134,0.253,0.253,0.248,0.112,0.10717380000000001
Chronos-2 120M (independent quantile sampling),6,EWL,0.119,0.259,0.254,0.258,0.11,0.1097138
Chronos-2 120M (independent quantile sampling),6,EWQ,0.17,0.211,0.202,0.24,0.177,0.07585580000000001
Chronos-2 120M (independent quantile sampling),6,EWT,0.148,0.217,0.207,0.24,0.188,0.1287314
Chronos-2 120M (independent quantile sampling),6,EWU,0.16,0.246,0.231,0.236,0.127,0.0676668
Chronos-2 120M (independent quantile sampling),6,EWY,0.258,0.215,0.194,0.194,0.139,0.0949006
Chronos-2 120M (independent quantile sampling),6,EWZ,0.313,0.178,0.139,0.173,0.197,0.27615179999999995
Chronos-2 120M (independent quantile sampling),6,FTV,0.207,0.198,0.162,0.205,0.228,0.22486940000000005
Chronos-2 120M (independent quantile sampling),6,GOOG,0.313,0.132,0.124,0.151,0.28,0.139631
Chronos-2 120M (independent quantile sampling),6,GPC,0.125,0.176,0.164,0.226,0.309,0.15998639999999997
Chronos-2 120M (independent quantile sampling),6,GSG,0.216,0.14,0.146,0.199,0.299,0.1597594
Chronos-2 120M (independent quantile sampling),6,HIG,0.249,0.169,0.186,0.176,0.22,0.12998820000000003
Chronos-2 120M (independent quantile sampling),6,HIGH.L,0.03,0.287,0.471,0.205,0.007,0.2904764
Chronos-2 120M (independent quantile sampling),6,HST,0.281,0.125,0.123,0.151,0.32,0.19720760000000004
Chronos-2 120M (independent quantile sampling),6,HYG,0.052,0.318,0.392,0.213,0.025,0.2705746
Chronos-2 120M (independent quantile sampling),6,IAU,0.158,0.306,0.288,0.202,0.046,0.075176
Chronos-2 120M (independent quantile sampling),6,ICLN,0.295,0.156,0.112,0.158,0.279,0.2254472
Chronos-2 120M (independent quantile sampling),6,IEAA.L,0.015,0.347,0.524,0.112,0.002,0.2780538
Chronos-2 120M (independent quantile sampling),6,IEF,0.077,0.396,0.367,0.151,0.009,0.23106780000000002
Chronos-2 120M (independent quantile sampling),6,IEFM.L,0.122,0.252,0.244,0.236,0.146,0.11479999999999999
Chronos-2 120M (independent quantile sampling),6,IEMG,0.205,0.249,0.22,0.215,0.111,0.09174760000000001
Chronos-2 120M (independent quantile sampling),6,IEUS,0.217,0.19,0.204,0.238,0.151,0.227772
Chronos-2 120M (independent quantile sampling),6,IEVL.L,0.115,0.205,0.224,0.272,0.184,0.14348339999999998
Chronos-2 120M (independent quantile sampling),6,IGF,0.087,0.228,0.311,0.291,0.083,0.050711799999999994
Chronos-2 120M (independent quantile sampling),6,INDA,0.097,0.2,0.241,0.284,0.178,0.0685492
Chronos-2 120M (independent quantile sampling),6,IUMO.L,0.182,0.227,0.212,0.213,0.166,0.0743204
Chronos-2 120M (independent quantile sampling),6,IUVL.L,0.135,0.237,0.215,0.219,0.194,0.07296280000000001
Chronos-2 120M (independent quantile sampling),6,IVV,0.165,0.201,0.176,0.257,0.201,0.0990692
Chronos-2 120M (independent quantile sampling),6,IWM,0.182,0.199,0.188,0.212,0.219,0.1100014
Chronos-2 120M (independent quantile sampling),6,IXN,0.22,0.169,0.146,0.213,0.252,0.10989
Chronos-2 120M (independent quantile sampling),6,JPEA.L,0.094,0.394,0.363,0.138,0.011,0.0586604
Chronos-2 120M (independent quantile sampling),6,JPM,0.188,0.182,0.164,0.216,0.25,0.09037999999999999
Chronos-2 120M (independent quantile sampling),6,KR,0.233,0.172,0.139,0.191,0.265,0.11689500000000001
Chronos-2 120M (independent quantile sampling),6,LQD,0.091,0.383,0.35,0.166,0.01,0.22680660000000002
Chronos-2 120M (independent quantile sampling),6,MCHI,0.336,0.153,0.132,0.143,0.236,0.18027079999999998
Chronos-2 120M (independent quantile sampling),6,META,0.383,0.108,0.074,0.107,0.328,0.1873158
Chronos-2 120M (independent quantile sampling),6,MVEU.L,0.057,0.229,0.336,0.309,0.069,0.13213799999999995
Chronos-2 120M (independent quantile sampling),6,OGN,0.296,0.18,0.123,0.167,0.234,0.1971498
Chronos-2 120M (independent quantile sampling),6,PG,0.12,0.207,0.186,0.259,0.228,0.08209640000000003
Chronos-2 120M (independent quantile sampling),6,PPL,0.165,0.218,0.247,0.246,0.124,0.267638
Chronos-2 120M (independent quantile sampling),6,PRU,0.198,0.142,0.163,0.208,0.289,0.0982668
Chronos-2 120M (independent quantile sampling),6,PYPL,0.421,0.09,0.077,0.104,0.308,0.252594
Chronos-2 120M (independent quantile sampling),6,RE,0.252,0.199,0.164,0.198,0.187,0.09001980000000001
Chronos-2 120M (independent quantile sampling),6,REET,0.13,0.268,0.256,0.237,0.109,0.061380199999999996
Chronos-2 120M (independent quantile sampling),6,ROL,0.197,0.173,0.157,0.225,0.248,0.2653884
Chronos-2 120M (independent quantile sampling),6,ROST,0.303,0.135,0.14,0.14,0.282,0.1394522
Chronos-2 120M (independent quantile sampling),6,SEGA.L,0.084,0.386,0.379,0.143,0.008,0.22856420000000005
Chronos-2 120M (independent quantile sampling),6,SHY,0.0,0.217,0.774,0.009,0.0,0.322634
Chronos-2 120M (independent quantile sampling),6,SLV,0.322,0.223,0.195,0.156,0.104,0.07782499999999999
Chronos-2 120M (independent quantile sampling),6,SPMV.L,0.121,0.22,0.277,0.266,0.116,0.0580604
Chronos-2 120M (independent quantile sampling),6,TLT,0.247,0.267,0.214,0.195,0.077,0.1766236
Chronos-2 120M (independent quantile sampling),6,UNH,0.168,0.174,0.156,0.227,0.275,0.09456339999999999
Chronos-2 120M (independent quantile sampling),6,URI,0.269,0.127,0.108,0.145,0.351,0.18087880000000003
Chronos-2 120M (independent quantile sampling),6,V,0.209,0.167,0.154,0.197,0.273,0.26209720000000003
Chronos-2 120M (independent quantile sampling),6,VRSK,0.181,0.205,0.194,0.232,0.188,0.1107002
Chronos-2 120M (independent quantile sampling),6,VXX,0.66,0.105,0.057,0.067,0.111,0.04296599999999999
Chronos-2 120M (independent quantile sampling),6,WRK,0.267,0.165,0.124,0.155,0.289,0.13491399999999998
Chronos-2 120M (independent quantile sampling),6,XLB,0.157,0.213,0.182,0.272,0.176,0.07864579999999999
Chronos-2 120M (independent quantile sampling),6,XLC,0.248,0.195,0.162,0.165,0.23,0.0933356
Chronos-2 120M (independent quantile sampling),6,XLE,0.201,0.136,0.151,0.156,0.356,0.16137
Chronos-2 120M (independent quantile sampling),6,XLF,0.146,0.191,0.203,0.271,0.189,0.0924412
Chronos-2 120M (independent quantile sampling),6,XLI,0.152,0.242,0.222,0.235,0.149,0.1159994
Chronos-2 120M (independent quantile sampling),6,XLK,0.192,0.168,0.19,0.186,0.264,0.10773200000000001
Chronos-2 120M (independent quantile sampling),6,XLP,0.058,0.221,0.302,0.32,0.099,0.05331340000000001
Chronos-2 120M (independent quantile sampling),6,XLU,0.142,0.224,0.246,0.244,0.144,0.25228
Chronos-2 120M (independent quantile sampling),6,XLV,0.116,0.234,0.256,0.258,0.136,0.12193759999999995
Chronos-2 120M (independent quantile sampling),6,XLY,0.268,0.176,0.143,0.168,0.245,0.1347108
Chronos-2 120M (independent quantile sampling),6,XOM,0.181,0.126,0.111,0.181,0.401,0.092507
Chronos-2 120M (independent quantile sampling),7,ABBV,0.165,0.198,0.177,0.25,0.21,0.2149388
Chronos-2 120M (independent quantile sampling),7,ACN,0.196,0.171,0.148,0.205,0.28,0.27214600000000005
Chronos-2 120M (independent quantile sampling),7,AEP,0.101,0.182,0.239,0.279,0.199,0.080475
Chronos-2 120M (independent quantile sampling),7,AIZ,0.148,0.172,0.198,0.251,0.231,0.2947978
Chronos-2 120M (independent quantile sampling),7,ALLE,0.235,0.177,0.164,0.2,0.224,0.2321842
Chronos-2 120M (independent quantile sampling),7,AMAT,0.321,0.109,0.095,0.119,0.356,0.22766040000000004
Chronos-2 120M (independent quantile sampling),7,AMP,0.198,0.149,0.138,0.181,0.334,0.1012788
Chronos-2 120M (independent quantile sampling),7,AMZN,0.307,0.128,0.096,0.125,0.344,0.2275542
Chronos-2 120M (independent quantile sampling),7,AVB,0.224,0.199,0.169,0.205,0.203,0.08735559999999999
Chronos-2 120M (independent quantile sampling),7,AVY,0.195,0.147,0.151,0.181,0.326,0.2888628
Chronos-2 120M (independent quantile sampling),7,AXP,0.239,0.181,0.151,0.18,0.249,0.09591260000000001
Chronos-2 120M (independent quantile sampling),7,BDX,0.172,0.195,0.189,0.235,0.209,0.10341800000000001
Chronos-2 120M (independent quantile sampling),7,BF-B,0.156,0.194,0.206,0.247,0.197,0.13655620000000002
Chronos-2 120M (independent quantile sampling),7,BMY,0.174,0.214,0.23,0.236,0.146,0.06961200000000001
Chronos-2 120M (independent quantile sampling),7,BR,0.162,0.17,0.144,0.242,0.282,0.09811360000000002
Chronos-2 120M (independent quantile sampling),7,CARR,0.182,0.15,0.159,0.181,0.328,0.1692026
Chronos-2 120M (independent quantile sampling),7,CDW,0.168,0.154,0.14,0.197,0.341,0.1787266
Chronos-2 120M (independent quantile sampling),7,CE,0.31,0.157,0.136,0.172,0.225,0.1936846
Chronos-2 120M (independent quantile sampling),7,CHTR,0.373,0.164,0.123,0.162,0.178,0.1509564
Chronos-2 120M (independent quantile sampling),7,CNC,0.247,0.139,0.13,0.19,0.294,0.2529394
Chronos-2 120M (independent quantile sampling),7,CNP,0.123,0.164,0.176,0.271,0.266,0.17012460000000001
Chronos-2 120M (independent quantile sampling),7,COP,0.255,0.12,0.099,0.136,0.39,0.1604852
Chronos-2 120M (independent quantile sampling),7,CTAS,0.154,0.174,0.156,0.232,0.284,0.16444240000000004
Chronos-2 120M (independent quantile sampling),7,CZR,0.411,0.086,0.065,0.102,0.336,0.16893400000000003
Chronos-2 120M (independent quantile sampling),7,DG,0.161,0.194,0.208,0.232,0.205,0.10218799999999999
Chronos-2 120M (independent quantile sampling),7,DPZ,0.282,0.172,0.15,0.18,0.216,0.2034224
Chronos-2 120M (independent quantile sampling),7,DRE,0.14,0.138,0.153,0.223,0.346,0.34087219999999996
Chronos-2 120M (independent quantile sampling),7,DXC,0.397,0.12,0.1,0.122,0.261,0.27034159999999996
Chronos-2 120M (independent quantile sampling),7,EWA,0.175,0.254,0.229,0.222,0.12,0.069206
Chronos-2 120M (independent quantile sampling),7,EWC,0.159,0.245,0.226,0.219,0.151,0.06963960000000001
Chronos-2 120M (independent quantile sampling),7,EWG,0.319,0.229,0.174,0.164,0.114,0.09846900000000001
Chronos-2 120M (independent quantile sampling),7,EWH,0.175,0.303,0.233,0.215,0.074,0.1540212
Chronos-2 120M (independent quantile sampling),7,EWJ,0.165,0.291,0.271,0.202,0.071,0.08054620000000001
Chronos-2 120M (independent quantile sampling),7,EWL,0.118,0.273,0.27,0.251,0.088,0.05789399999999999
Chronos-2 120M (independent quantile sampling),7,EWQ,0.178,0.224,0.213,0.238,0.147,0.0726244
Chronos-2 120M (independent quantile sampling),7,EWT,0.198,0.235,0.201,0.223,0.143,0.10301960000000002
Chronos-2 120M (independent quantile sampling),7,EWU,0.149,0.259,0.238,0.242,0.112,0.10210499999999997
Chronos-2 120M (independent quantile sampling),7,EWY,0.298,0.24,0.185,0.173,0.104,0.07795859999999998
Chronos-2 120M (independent quantile sampling),7,EWZ,0.275,0.176,0.132,0.172,0.245,0.13578799999999996
Chronos-2 120M (independent quantile sampling),7,FTV,0.184,0.195,0.167,0.215,0.239,0.0881468
Chronos-2 120M (independent quantile sampling),7,GOOG,0.255,0.13,0.13,0.183,0.302,0.2519358
Chronos-2 120M (independent quantile sampling),7,GPC,0.096,0.156,0.158,0.229,0.361,0.1298282
Chronos-2 120M (independent quantile sampling),7,GSG,0.201,0.157,0.166,0.216,0.26,0.10214820000000002
Chronos-2 120M (independent quantile sampling),7,HIG,0.247,0.156,0.181,0.184,0.232,0.12365960000000002
Chronos-2 120M (independent quantile sampling),7,HIGH.L,0.053,0.388,0.437,0.118,0.004,0.392038
Chronos-2 120M (independent quantile sampling),7,HST,0.272,0.12,0.134,0.146,0.328,0.11198159999999999
Chronos-2 120M (independent quantile sampling),7,HYG,0.057,0.321,0.39,0.208,0.024,0.1473066
Chronos-2 120M (independent quantile sampling),7,IAU,0.179,0.309,0.284,0.187,0.041,0.17357000000000003
Chronos-2 120M (independent quantile sampling),7,ICLN,0.358,0.15,0.116,0.154,0.222,0.2761776
Chronos-2 120M (independent quantile sampling),7,IEAA.L,0.023,0.432,0.468,0.076,0.001,0.21189680000000002
Chronos-2 120M (independent quantile sampling),7,IEF,0.068,0.415,0.378,0.133,0.006,0.195854
Chronos-2 120M (independent quantile sampling),7,IEFM.L,0.127,0.271,0.241,0.241,0.12,0.2714508
Chronos-2 120M (independent quantile sampling),7,IEMG,0.203,0.263,0.235,0.207,0.092,0.07124599999999999
Chronos-2 120M (independent quantile sampling),7,IEUS,0.264,0.204,0.198,0.212,0.122,0.09583200000000001
Chronos-2 120M (independent quantile sampling),7,IEVL.L,0.116,0.217,0.247,0.271,0.149,0.09658920000000001
Chronos-2 120M (independent quantile sampling),7,IGF,0.072,0.199,0.33,0.301,0.098,0.04948600000000001
Chronos-2 120M (independent quantile sampling),7,INDA,0.133,0.237,0.242,0.265,0.123,0.25965239999999995
Chronos-2 120M (independent quantile sampling),7,IUMO.L,0.159,0.217,0.228,0.248,0.148,0.06907540000000001
Chronos-2 120M (independent quantile sampling),7,IUVL.L,0.139,0.245,0.237,0.218,0.161,0.11366780000000001
Chronos-2 120M (independent quantile sampling),7,IVV,0.14,0.18,0.18,0.26,0.24,0.15792
Chronos-2 120M (independent quantile sampling),7,IWM,0.177,0.205,0.191,0.22,0.207,0.12768620000000003
Chronos-2 120M (independent quantile sampling),7,IXN,0.208,0.163,0.156,0.225,0.248,0.26162760000000007
Chronos-2 120M (independent quantile sampling),7,JPEA.L,0.131,0.354,0.334,0.161,0.02,0.37670939999999997
Chronos-2 120M (independent quantile sampling),7,JPM,0.265,0.199,0.161,0.201,0.174,0.2716844
Chronos-2 120M (independent quantile sampling),7,KR,0.254,0.156,0.138,0.171,0.281,0.1223762
Chronos-2 120M (independent quantile sampling),7,LQD,0.078,0.374,0.373,0.165,0.01,0.17822259999999998
Chronos-2 120M (independent quantile sampling),7,MCHI,0.404,0.193,0.136,0.144,0.123,0.21440859999999998
Chronos-2 120M (independent quantile sampling),7,META,0.375,0.104,0.07,0.124,0.327,0.19447920000000002
Chronos-2 120M (independent quantile sampling),7,MVEU.L,0.051,0.243,0.367,0.293,0.046,0.12361479999999998
Chronos-2 120M (independent quantile sampling),7,OGN,0.304,0.181,0.144,0.163,0.208,0.10170919999999999
Chronos-2 120M (independent quantile sampling),7,PG,0.142,0.203,0.191,0.251,0.213,0.1419708
Chronos-2 120M (independent quantile sampling),7,PPL,0.111,0.2,0.201,0.257,0.231,0.0801094
Chronos-2 120M (independent quantile sampling),7,PRU,0.202,0.139,0.167,0.2,0.292,0.2796826
Chronos-2 120M (independent quantile sampling),7,PYPL,0.444,0.092,0.074,0.108,0.282,0.2744112
Chronos-2 120M (independent quantile sampling),7,RE,0.23,0.171,0.16,0.198,0.241,0.22090060000000006
Chronos-2 120M (independent quantile sampling),7,REET,0.105,0.241,0.268,0.258,0.128,0.1208242
Chronos-2 120M (independent quantile sampling),7,ROL,0.24,0.176,0.156,0.202,0.226,0.23138319999999996
Chronos-2 120M (independent quantile sampling),7,ROST,0.264,0.112,0.12,0.162,0.342,0.1780104
Chronos-2 120M (independent quantile sampling),7,SEGA.L,0.091,0.393,0.38,0.129,0.007,0.3950164
Chronos-2 120M (independent quantile sampling),7,SHY,0.001,0.268,0.725,0.006,0.0,0.41207960000000005
Chronos-2 120M (independent quantile sampling),7,SLV,0.389,0.214,0.152,0.136,0.109,0.37576719999999997
Chronos-2 120M (independent quantile sampling),7,SPMV.L,0.07,0.193,0.304,0.305,0.128,0.15038840000000003
Chronos-2 120M (independent quantile sampling),7,TLT,0.274,0.266,0.216,0.182,0.062,0.08601120000000001
Chronos-2 120M (independent quantile sampling),7,UNH,0.147,0.165,0.152,0.237,0.299,0.08473
Chronos-2 120M (independent quantile sampling),7,URI,0.301,0.127,0.095,0.147,0.33,0.2304428
Chronos-2 120M (independent quantile sampling),7,V,0.24,0.18,0.154,0.19,0.236,0.12623440000000002
Chronos-2 120M (independent quantile sampling),7,VRSK,0.142,0.171,0.203,0.242,0.242,0.1569906
Chronos-2 120M (independent quantile sampling),7,VXX,0.62,0.101,0.071,0.068,0.14,0.19342100000000004
Chronos-2 120M (independent quantile sampling),7,WRK,0.261,0.166,0.128,0.161,0.284,0.23062619999999995
Chronos-2 120M (independent quantile sampling),7,XLB,0.138,0.22,0.186,0.287,0.169,0.133541
Chronos-2 120M (independent quantile sampling),7,XLC,0.234,0.19,0.181,0.177,0.218,0.22441619999999998
Chronos-2 120M (independent quantile sampling),7,XLE,0.223,0.148,0.143,0.154,0.332,0.17955800000000002
Chronos-2 120M (independent quantile sampling),7,XLF,0.166,0.203,0.208,0.249,0.174,0.07458440000000001
Chronos-2 120M (independent quantile sampling),7,XLI,0.131,0.227,0.222,0.248,0.172,0.2746618
Chronos-2 120M (independent quantile sampling),7,XLK,0.176,0.162,0.199,0.185,0.278,0.28177460000000004
Chronos-2 120M (independent quantile sampling),7,XLP,0.041,0.195,0.295,0.335,0.134,0.1646588
Chronos-2 120M (independent quantile sampling),7,XLU,0.087,0.197,0.217,0.299,0.2,0.0758452
Chronos-2 120M (independent quantile sampling),7,XLV,0.086,0.206,0.286,0.285,0.137,0.08910259999999998
Chronos-2 120M (independent quantile sampling),7,XLY,0.215,0.151,0.15,0.186,0.298,0.1006482
Chronos-2 120M (independent quantile sampling),7,XOM,0.231,0.142,0.117,0.16,0.35,0.171018
Chronos-2 120M (independent quantile sampling),8,ABBV,0.107,0.152,0.186,0.284,0.271,0.1615992
Chronos-2 120M (independent quantile sampling),8,ACN,0.243,0.177,0.14,0.203,0.237,0.09704359999999997
Chronos-2 120M (independent quantile sampling),8,AEP,0.121,0.196,0.244,0.279,0.16,0.29149020000000003
Chronos-2 120M (independent quantile sampling),8,AIZ,0.198,0.209,0.19,0.235,0.168,0.1178972
Chronos-2 120M (independent quantile sampling),8,ALLE,0.299,0.184,0.169,0.173,0.175,0.2856838
Chronos-2 120M (independent quantile sampling),8,AMAT,0.332,0.105,0.095,0.129,0.339,0.21942759999999994
Chronos-2 120M (independent quantile sampling),8,AMP,0.194,0.153,0.131,0.18,0.342,0.10069860000000001
Chronos-2 120M (independent quantile sampling),8,AMZN,0.365,0.139,0.086,0.125,0.285,0.1797132
Chronos-2 120M (independent quantile sampling),8,AVB,0.199,0.188,0.161,0.225,0.227,0.2546406
Chronos-2 120M (independent quantile sampling),8,AVY,0.255,0.179,0.146,0.172,0.248,0.13025699999999998
Chronos-2 120M (independent quantile sampling),8,AXP,0.21,0.153,0.143,0.2,0.294,0.15606820000000002
Chronos-2 120M (independent quantile sampling),8,BDX,0.169,0.191,0.199,0.247,0.194,0.1340556
Chronos-2 120M (independent quantile sampling),8,BF-B,0.157,0.196,0.21,0.249,0.188,0.13391420000000004
Chronos-2 120M (independent quantile sampling),8,BMY,0.162,0.21,0.222,0.249,0.157,0.2456226
Chronos-2 120M (independent quantile sampling),8,BR,0.201,0.178,0.177,0.216,0.228,0.2546324
Chronos-2 120M (independent quantile sampling),8,CARR,0.247,0.177,0.148,0.169,0.259,0.12861000000000003
Chronos-2 120M (independent quantile sampling),8,CDW,0.207,0.177,0.154,0.2,0.262,0.14087860000000002
Chronos-2 120M (independent quantile sampling),8,CE,0.333,0.156,0.13,0.163,0.218,0.179739
Chronos-2 120M (independent quantile sampling),8,CHTR,0.363,0.176,0.142,0.163,0.156,0.1488774
Chronos-2 120M (independent quantile sampling),8,CNC,0.269,0.142,0.143,0.177,0.269,0.13811179999999998
Chronos-2 120M (independent quantile sampling),8,CNP,0.113,0.167,0.173,0.272,0.275,0.33600060000000004
Chronos-2 120M (independent quantile sampling),8,COP,0.199,0.101,0.114,0.132,0.454,0.11982260000000003
Chronos-2 120M (independent quantile sampling),8,CTAS,0.168,0.197,0.153,0.231,0.251,0.09135479999999999
Chronos-2 120M (independent quantile sampling),8,CZR,0.38,0.09,0.072,0.095,0.363,0.2013666
Chronos-2 120M (independent quantile sampling),8,DG,0.227,0.209,0.185,0.202,0.177,0.131719
Chronos-2 120M (independent quantile sampling),8,DPZ,0.341,0.163,0.129,0.167,0.2,0.10899719999999999
Chronos-2 120M (independent quantile sampling),8,DRE,0.207,0.168,0.16,0.207,0.258,0.1432526
Chronos-2 120M (independent quantile sampling),8,DXC,0.298,0.107,0.096,0.13,0.369,0.1803982
Chronos-2 120M (independent quantile sampling),8,EWA,0.149,0.218,0.225,0.245,0.163,0.1231846
Chronos-2 120M (independent quantile sampling),8,EWC,0.144,0.224,0.232,0.228,0.172,0.12194880000000001
Chronos-2 120M (independent quantile sampling),8,EWG,0.279,0.211,0.159,0.184,0.167,0.0938062
Chronos-2 120M (independent quantile sampling),8,EWH,0.141,0.291,0.232,0.241,0.095,0.09288520000000003
Chronos-2 120M (independent quantile sampling),8,EWJ,0.146,0.278,0.256,0.236,0.084,0.0621096
Chronos-2 120M (independent quantile sampling),8,EWL,0.124,0.269,0.249,0.26,0.098,0.0615186
Chronos-2 120M (independent quantile sampling),8,EWQ,0.17,0.199,0.187,0.26,0.184,0.07921059999999999
Chronos-2 120M (independent quantile sampling),8,EWT,0.152,0.221,0.208,0.232,0.187,0.2645526
Chronos-2 120M (independent quantile sampling),8,EWU,0.14,0.227,0.235,0.242,0.156,0.0674058
Chronos-2 120M (independent quantile sampling),8,EWY,0.245,0.217,0.196,0.189,0.153,0.09796840000000002
Chronos-2 120M (independent quantile sampling),8,EWZ,0.224,0.166,0.142,0.187,0.281,0.20045220000000005
Chronos-2 120M (independent quantile sampling),8,FTV,0.203,0.206,0.165,0.203,0.223,0.08793899999999996
Chronos-2 120M (independent quantile sampling),8,GOOG,0.276,0.139,0.13,0.167,0.288,0.107674
Chronos-2 120M (independent quantile sampling),8,GPC,0.137,0.168,0.163,0.225,0.307,0.16221340000000004
Chronos-2 120M (independent quantile sampling),8,GSG,0.154,0.16,0.164,0.243,0.279,0.1741274
Chronos-2 120M (independent quantile sampling),8,HIG,0.229,0.151,0.187,0.204,0.229,0.22255419999999998
Chronos-2 120M (independent quantile sampling),8,HIGH.L,0.046,0.33,0.465,0.155,0.004,0.3685578
Chronos-2 120M (independent quantile sampling),8,HST,0.243,0.114,0.129,0.167,0.347,0.10862059999999998
Chronos-2 120M (independent quantile sampling),8,HYG,0.047,0.332,0.407,0.197,0.017,0.152787
Chronos-2 120M (independent quantile sampling),8,IAU,0.148,0.308,0.282,0.212,0.05,0.3353968
Chronos-2 120M (independent quantile sampling),8,ICLN,0.281,0.158,0.114,0.162,0.285,0.22254319999999997
Chronos-2 120M (independent quantile sampling),8,IEAA.L,0.013,0.441,0.489,0.057,0.0,0.2191068
Chronos-2 120M (independent quantile sampling),8,IEF,0.052,0.432,0.398,0.118,0.0,0.2029768
Chronos-2 120M (independent quantile sampling),8,IEFM.L,0.138,0.26,0.237,0.231,0.134,0.1197258
Chronos-2 120M (independent quantile sampling),8,IEMG,0.179,0.254,0.216,0.226,0.125,0.0984712
Chronos-2 120M (independent quantile sampling),8,IEUS,0.242,0.185,0.195,0.213,0.165,0.1114004
Chronos-2 120M (independent quantile sampling),8,IEVL.L,0.111,0.201,0.226,0.278,0.184,0.086593
Chronos-2 120M (independent quantile sampling),8,IGF,0.062,0.183,0.308,0.324,0.123,0.33296139999999996
Chronos-2 120M (independent quantile sampling),8,INDA,0.096,0.193,0.243,0.298,0.17,0.0681322
Chronos-2 120M (independent quantile sampling),8,IUMO.L,0.175,0.228,0.225,0.218,0.154,0.2606268
Chronos-2 120M (independent quantile sampling),8,IUVL.L,0.171,0.227,0.212,0.205,0.185,0.118794
Chronos-2 120M (independent quantile sampling),8,IVV,0.162,0.193,0.181,0.256,0.208,0.08216579999999998
Chronos-2 120M (independent quantile sampling),8,IWM,0.139,0.196,0.201,0.217,0.247,0.0815702
Chronos-2 120M (independent quantile sampling),8,IXN,0.239,0.182,0.162,0.205,0.212,0.12223899999999999
Chronos-2 120M (independent quantile sampling),8,JPEA.L,0.102,0.368,0.341,0.171,0.018,0.0534698
Chronos-2 120M (independent quantile sampling),8,JPM,0.213,0.178,0.161,0.206,0.242,0.11230359999999999
Chronos-2 120M (independent quantile sampling),8,KR,0.22,0.172,0.147,0.206,0.255,0.139122
Chronos-2 120M (independent quantile sampling),8,LQD,0.077,0.397,0.373,0.146,0.007,0.050812600000000006
Chronos-2 120M (independent quantile sampling),8,MCHI,0.349,0.185,0.142,0.146,0.178,0.15552339999999998
Chronos-2 120M (independent quantile sampling),8,META,0.439,0.096,0.083,0.108,0.274,0.15038919999999997
Chronos-2 120M (independent quantile sampling),8,MVEU.L,0.09,0.285,0.323,0.255,0.047,0.1276276
Chronos-2 120M (independent quantile sampling),8,OGN,0.226,0.189,0.154,0.195,0.236,0.2365516
Chronos-2 120M (independent quantile sampling),8,PG,0.187,0.23,0.189,0.244,0.15,0.11051879999999996
Chronos-2 120M (independent quantile sampling),8,PPL,0.112,0.203,0.204,0.258,0.223,0.3077718
Chronos-2 120M (independent quantile sampling),8,PRU,0.209,0.137,0.175,0.2,0.279,0.19093579999999993
Chronos-2 120M (independent quantile sampling),8,PYPL,0.397,0.111,0.08,0.107,0.305,0.1736884
Chronos-2 120M (independent quantile sampling),8,RE,0.184,0.173,0.156,0.21,0.277,0.10024059999999999
Chronos-2 120M (independent quantile sampling),8,REET,0.105,0.236,0.263,0.257,0.139,0.2822886
Chronos-2 120M (independent quantile sampling),8,ROL,0.204,0.16,0.149,0.208,0.279,0.1914244
Chronos-2 120M (independent quantile sampling),8,ROST,0.246,0.119,0.117,0.171,0.347,0.1704948
Chronos-2 120M (independent quantile sampling),8,SEGA.L,0.077,0.408,0.396,0.113,0.006,0.2034702
Chronos-2 120M (independent quantile sampling),8,SHY,0.0,0.225,0.768,0.007,0.0,0.40733479999999994
Chronos-2 120M (independent quantile sampling),8,SLV,0.285,0.175,0.181,0.185,0.174,0.09039639999999997
Chronos-2 120M (independent quantile sampling),8,SPMV.L,0.135,0.23,0.286,0.248,0.101,0.1170904
Chronos-2 120M (independent quantile sampling),8,TLT,0.269,0.286,0.22,0.184,0.041,0.08653839999999999
Chronos-2 120M (independent quantile sampling),8,UNH,0.149,0.176,0.162,0.24,0.273,0.17870479999999997
Chronos-2 120M (independent quantile sampling),8,URI,0.296,0.116,0.107,0.136,0.345,0.1291492
Chronos-2 120M (independent quantile sampling),8,V,0.251,0.18,0.148,0.186,0.235,0.1278456
Chronos-2 120M (independent quantile sampling),8,VRSK,0.191,0.218,0.204,0.21,0.177,0.113372
Chronos-2 120M (independent quantile sampling),8,VXX,0.644,0.121,0.07,0.064,0.101,0.5010774
Chronos-2 120M (independent quantile sampling),8,WRK,0.39,0.151,0.104,0.136,0.219,0.12375340000000001
Chronos-2 120M (independent quantile sampling),8,XLB,0.17,0.215,0.185,0.277,0.153,0.07708679999999998
Chronos-2 120M (independent quantile sampling),8,XLC,0.249,0.193,0.177,0.167,0.214,0.1128644
Chronos-2 120M (independent quantile sampling),8,XLE,0.2,0.117,0.147,0.163,0.373,0.14978280000000002
Chronos-2 120M (independent quantile sampling),8,XLF,0.153,0.182,0.189,0.269,0.207,0.08101179999999998
Chronos-2 120M (independent quantile sampling),8,XLI,0.176,0.23,0.209,0.229,0.156,0.1196746
Chronos-2 120M (independent quantile sampling),8,XLK,0.221,0.2,0.18,0.186,0.213,0.11773039999999999
Chronos-2 120M (independent quantile sampling),8,XLP,0.075,0.223,0.307,0.296,0.099,0.094051
Chronos-2 120M (independent quantile sampling),8,XLU,0.099,0.201,0.245,0.268,0.187,0.308759
Chronos-2 120M (independent quantile sampling),8,XLV,0.109,0.222,0.266,0.266,0.137,0.24452400000000002
Chronos-2 120M (independent quantile sampling),8,XLY,0.278,0.168,0.151,0.161,0.242,0.20983459999999993
Chronos-2 120M (independent quantile sampling),8,XOM,0.202,0.122,0.123,0.162,0.391,0.14329399999999998
Chronos-2 120M (independent quantile sampling),9,ABBV,0.111,0.145,0.17,0.274,0.3,0.19706659999999998
Chronos-2 120M (independent quantile sampling),9,ACN,0.199,0.182,0.144,0.211,0.264,0.10601659999999999
Chronos-2 120M (independent quantile sampling),9,AEP,0.182,0.228,0.202,0.222,0.166,0.11186479999999999
Chronos-2 120M (independent quantile sampling),9,AIZ,0.162,0.194,0.194,0.24,0.21,0.272716
Chronos-2 120M (independent quantile sampling),9,ALLE,0.226,0.178,0.16,0.2,0.236,0.22321680000000002
Chronos-2 120M (independent quantile sampling),9,AMAT,0.334,0.111,0.1,0.129,0.326,0.21217640000000001
Chronos-2 120M (independent quantile sampling),9,AMP,0.214,0.152,0.127,0.187,0.32,0.17704019999999998
Chronos-2 120M (independent quantile sampling),9,AMZN,0.331,0.15,0.088,0.147,0.284,0.19666780000000003
Chronos-2 120M (independent quantile sampling),9,AVB,0.238,0.202,0.155,0.199,0.206,0.220141
Chronos-2 120M (independent quantile sampling),9,AVY,0.232,0.179,0.161,0.174,0.254,0.094089
Chronos-2 120M (independent quantile sampling),9,AXP,0.261,0.172,0.145,0.18,0.242,0.0984516
Chronos-2 120M (independent quantile sampling),9,BDX,0.187,0.213,0.209,0.217,0.174,0.24082520000000002
Chronos-2 120M (independent quantile sampling),9,BF-B,0.213,0.236,0.201,0.222,0.128,0.09757080000000003
Chronos-2 120M (independent quantile sampling),9,BMY,0.14,0.22,0.239,0.261,0.14,0.12192019999999999
Chronos-2 120M (independent quantile sampling),9,BR,0.238,0.181,0.179,0.206,0.196,0.223645
Chronos-2 120M (independent quantile sampling),9,CARR,0.23,0.175,0.158,0.165,0.272,0.21277560000000006
Chronos-2 120M (independent quantile sampling),9,CDW,0.221,0.17,0.161,0.199,0.249,0.21408540000000004
Chronos-2 120M (independent quantile sampling),9,CE,0.335,0.16,0.12,0.164,0.221,0.2684632
Chronos-2 120M (independent quantile sampling),9,CHTR,0.338,0.154,0.133,0.165,0.21,0.2742066
Chronos-2 120M (independent quantile sampling),9,CNC,0.291,0.157,0.151,0.164,0.237,0.100471
Chronos-2 120M (independent quantile sampling),9,CNP,0.233,0.182,0.158,0.232,0.195,0.08937359999999998
Chronos-2 120M (independent quantile sampling),9,COP,0.192,0.099,0.111,0.133,0.465,0.1390748
Chronos-2 120M (independent quantile sampling),9,CTAS,0.172,0.198,0.152,0.24,0.238,0.0991224
Chronos-2 120M (independent quantile sampling),9,CZR,0.423,0.09,0.075,0.096,0.316,0.25113959999999996
Chronos-2 120M (independent quantile sampling),9,DG,0.174,0.205,0.2,0.217,0.204,0.1269548
Chronos-2 120M (independent quantile sampling),9,DPZ,0.284,0.155,0.135,0.167,0.259,0.13398679999999996
Chronos-2 120M (independent quantile sampling),9,DRE,0.148,0.192,0.203,0.236,0.221,0.28383880000000006
Chronos-2 120M (independent quantile sampling),9,DXC,0.277,0.12,0.092,0.138,0.373,0.16811760000000003
Chronos-2 120M (independent quantile sampling),9,EWA,0.17,0.23,0.211,0.243,0.146,0.11670739999999999
Chronos-2 120M (independent quantile sampling),9,EWC,0.167,0.246,0.202,0.219,0.166,0.12084780000000002
Chronos-2 120M (independent quantile sampling),9,EWG,0.287,0.195,0.148,0.179,0.191,0.2732148
Chronos-2 120M (independent quantile sampling),9,EWH,0.162,0.275,0.214,0.239,0.11,0.09542279999999999
Chronos-2 120M (independent quantile sampling),9,EWJ,0.143,0.265,0.259,0.236,0.097,0.0614422
Chronos-2 120M (independent quantile sampling),9,EWL,0.12,0.249,0.247,0.259,0.125,0.10912839999999999
Chronos-2 120M (independent quantile sampling),9,EWQ,0.183,0.19,0.18,0.232,0.215,0.2189304
Chronos-2 120M (independent quantile sampling),9,EWT,0.211,0.247,0.194,0.223,0.125,0.13900279999999995
Chronos-2 120M (independent quantile sampling),9,EWU,0.153,0.223,0.223,0.234,0.167,0.110295
Chronos-2 120M (independent quantile sampling),9,EWY,0.264,0.226,0.185,0.192,0.133,0.30342199999999997
Chronos-2 120M (independent quantile sampling),9,EWZ,0.262,0.169,0.147,0.175,0.247,0.22149959999999996
Chronos-2 120M (independent quantile sampling),9,FTV,0.208,0.207,0.167,0.2,0.218,0.1203474
Chronos-2 120M (independent quantile sampling),9,GOOG,0.254,0.142,0.135,0.184,0.285,0.2445036
Chronos-2 120M (independent quantile sampling),9,GPC,0.091,0.175,0.161,0.232,0.341,0.0755294
Chronos-2 120M (independent quantile sampling),9,GSG,0.178,0.145,0.162,0.215,0.3,0.29784760000000005
Chronos-2 120M (independent quantile sampling),9,HIG,0.192,0.137,0.157,0.223,0.291,0.0931964
Chronos-2 120M (independent quantile sampling),9,HIGH.L,0.023,0.294,0.48,0.199,0.004,0.10164860000000002
Chronos-2 120M (independent quantile sampling),9,HST,0.217,0.113,0.123,0.185,0.362,0.11724839999999999
Chronos-2 120M (independent quantile sampling),9,HYG,0.043,0.291,0.402,0.228,0.036,0.2860794
Chronos-2 120M (independent quantile sampling),9,IAU,0.13,0.308,0.292,0.22,0.05,0.08162880000000003
Chronos-2 120M (independent quantile sampling),9,ICLN,0.357,0.156,0.121,0.157,0.209,0.16725099999999998
Chronos-2 120M (independent quantile sampling),9,IEAA.L,0.012,0.342,0.541,0.104,0.001,0.28089719999999996
Chronos-2 120M (independent quantile sampling),9,IEF,0.046,0.386,0.41,0.153,0.005,0.2515458
Chronos-2 120M (independent quantile sampling),9,IEFM.L,0.105,0.261,0.267,0.253,0.114,0.11213320000000002
Chronos-2 120M (independent quantile sampling),9,IEMG,0.226,0.267,0.214,0.204,0.089,0.077579
Chronos-2 120M (independent quantile sampling),9,IEUS,0.255,0.176,0.186,0.212,0.171,0.26374319999999996
Chronos-2 120M (independent quantile sampling),9,IEVL.L,0.109,0.205,0.249,0.278,0.159,0.1397454
Chronos-2 120M (independent quantile sampling),9,IGF,0.12,0.237,0.263,0.263,0.117,0.059987599999999995
Chronos-2 120M (independent quantile sampling),9,INDA,0.103,0.212,0.244,0.287,0.154,0.06560620000000002
Chronos-2 120M (independent quantile sampling),9,IUMO.L,0.122,0.229,0.262,0.257,0.13,0.12055080000000003
Chronos-2 120M (independent quantile sampling),9,IUVL.L,0.152,0.238,0.23,0.199,0.181,0.07047300000000001
Chronos-2 120M (independent quantile sampling),9,IVV,0.156,0.198,0.18,0.26,0.206,0.08184879999999997
Chronos-2 120M (independent quantile sampling),9,IWM,0.15,0.21,0.197,0.225,0.218,0.07917460000000001
Chronos-2 120M (independent quantile sampling),9,IXN,0.226,0.173,0.161,0.213,0.227,0.11508120000000002
Chronos-2 120M (independent quantile sampling),9,JPEA.L,0.1,0.373,0.34,0.168,0.019,0.06461180000000001
Chronos-2 120M (independent quantile sampling),9,JPM,0.192,0.171,0.155,0.207,0.275,0.1925164
Chronos-2 120M (independent quantile sampling),9,KR,0.22,0.161,0.141,0.19,0.288,0.1009978
Chronos-2 120M (independent quantile sampling),9,LQD,0.057,0.354,0.39,0.189,0.01,0.2551742
Chronos-2 120M (independent quantile sampling),9,MCHI,0.423,0.2,0.118,0.137,0.122,0.0806046
Chronos-2 120M (independent quantile sampling),9,META,0.384,0.122,0.077,0.12,0.297,0.17711800000000003
Chronos-2 120M (independent quantile sampling),9,MVEU.L,0.076,0.277,0.332,0.263,0.052,0.10526280000000002
Chronos-2 120M (independent quantile sampling),9,OGN,0.327,0.178,0.14,0.153,0.202,0.1057566
Chronos-2 120M (independent quantile sampling),9,PG,0.212,0.235,0.201,0.223,0.129,0.0770596
Chronos-2 120M (independent quantile sampling),9,PPL,0.197,0.192,0.179,0.202,0.23,0.0859308
Chronos-2 120M (independent quantile sampling),9,PRU,0.162,0.146,0.149,0.202,0.341,0.08924759999999998
Chronos-2 120M (independent quantile sampling),9,PYPL,0.397,0.112,0.079,0.111,0.301,0.135407
Chronos-2 120M (independent quantile sampling),9,RE,0.189,0.17,0.152,0.207,0.282,0.1010494
Chronos-2 120M (independent quantile sampling),9,REET,0.171,0.266,0.248,0.205,0.11,0.14030700000000002
Chronos-2 120M (independent quantile sampling),9,ROL,0.226,0.176,0.152,0.21,0.236,0.22065840000000003
Chronos-2 120M (independent quantile sampling),9,ROST,0.291,0.122,0.139,0.151,0.297,0.21083260000000004
Chronos-2 120M (independent quantile sampling),9,SEGA.L,0.063,0.397,0.397,0.135,0.008,0.23801640000000002
Chronos-2 120M (independent quantile sampling),9,SHY,0.0,0.101,0.875,0.024,0.0,0.36175539999999995
Chronos-2 120M (independent quantile sampling),9,SLV,0.319,0.188,0.172,0.173,0.148,0.30915100000000006
Chronos-2 120M (independent quantile sampling),9,SPMV.L,0.137,0.259,0.276,0.241,0.087,0.09974759999999998
Chronos-2 120M (independent quantile sampling),9,TLT,0.228,0.298,0.221,0.199,0.054,0.177517
Chronos-2 120M (independent quantile sampling),9,UNH,0.143,0.175,0.153,0.26,0.269,0.31035500000000005
Chronos-2 120M (independent quantile sampling),9,URI,0.266,0.127,0.112,0.148,0.347,0.1813278
Chronos-2 120M (independent quantile sampling),9,V,0.211,0.184,0.157,0.203,0.245,0.09225499999999999
Chronos-2 120M (independent quantile sampling),9,VRSK,0.182,0.214,0.204,0.219,0.181,0.1181402
Chronos-2 120M (independent quantile sampling),9,VXX,0.491,0.111,0.078,0.105,0.215,0.11322200000000002
Chronos-2 120M (independent quantile sampling),9,WRK,0.331,0.171,0.121,0.151,0.226,0.269754
Chronos-2 120M (independent quantile sampling),9,XLB,0.157,0.213,0.175,0.272,0.183,0.22521259999999996
Chronos-2 120M (independent quantile sampling),9,XLC,0.211,0.185,0.186,0.183,0.235,0.24345719999999998
Chronos-2 120M (independent quantile sampling),9,XLE,0.18,0.104,0.139,0.161,0.416,0.0930082
Chronos-2 120M (independent quantile sampling),9,XLF,0.149,0.204,0.174,0.267,0.206,0.09339499999999998
Chronos-2 120M (independent quantile sampling),9,XLI,0.145,0.236,0.208,0.243,0.168,0.24106619999999998
Chronos-2 120M (independent quantile sampling),9,XLK,0.196,0.184,0.195,0.201,0.224,0.11272339999999999
Chronos-2 120M (independent quantile sampling),9,XLP,0.067,0.231,0.275,0.303,0.124,0.13899959999999997
Chronos-2 120M (independent quantile sampling),9,XLU,0.191,0.227,0.214,0.209,0.159,0.074382
Chronos-2 120M (independent quantile sampling),9,XLV,0.088,0.217,0.266,0.283,0.146,0.13922520000000002
Chronos-2 120M (independent quantile sampling),9,XLY,0.27,0.183,0.158,0.161,0.228,0.1150828
Chronos-2 120M (independent quantile sampling),9,XOM,0.168,0.119,0.115,0.154,0.444,0.0938666
Chronos-2 120M (independent quantile sampling),10,ABBV,0.163,0.183,0.167,0.263,0.224,0.202326
Chronos-2 120M (independent quantile sampling),10,ACN,0.28,0.195,0.144,0.194,0.187,0.09683100000000003
Chronos-2 120M (independent quantile sampling),10,AEP,0.167,0.219,0.202,0.221,0.191,0.23542200000000008
Chronos-2 120M (independent quantile sampling),10,AIZ,0.382,0.197,0.141,0.145,0.135,0.203558
Chronos-2 120M (independent quantile sampling),10,ALLE,0.217,0.147,0.139,0.18,0.317,0.2730166
Chronos-2 120M (independent quantile sampling),10,AMAT,0.261,0.103,0.085,0.129,0.422,0.19086039999999999
Chronos-2 120M (independent quantile sampling),10,AMP,0.178,0.146,0.128,0.194,0.354,0.18285600000000005
Chronos-2 120M (independent quantile sampling),10,AMZN,0.45,0.119,0.093,0.125,0.213,0.12957480000000002
Chronos-2 120M (independent quantile sampling),10,AVB,0.371,0.188,0.139,0.152,0.15,0.19196519999999997
Chronos-2 120M (independent quantile sampling),10,AVY,0.195,0.142,0.151,0.184,0.328,0.16946440000000002
Chronos-2 120M (independent quantile sampling),10,AXP,0.236,0.176,0.149,0.189,0.25,0.0961322
Chronos-2 120M (independent quantile sampling),10,BDX,0.171,0.191,0.185,0.236,0.217,0.21451659999999997
Chronos-2 120M (independent quantile sampling),10,BF-B,0.197,0.222,0.219,0.215,0.147,0.10580459999999998
Chronos-2 120M (independent quantile sampling),10,BMY,0.174,0.218,0.223,0.24,0.145,0.25863800000000003
Chronos-2 120M (independent quantile sampling),10,BR,0.309,0.195,0.176,0.166,0.154,0.16712259999999995
Chronos-2 120M (independent quantile sampling),10,CARR,0.167,0.154,0.145,0.196,0.338,0.17766600000000002
Chronos-2 120M (independent quantile sampling),10,CDW,0.175,0.177,0.16,0.223,0.265,0.09257959999999998
Chronos-2 120M (independent quantile sampling),10,CE,0.26,0.148,0.106,0.153,0.333,0.24902980000000002
Chronos-2 120M (independent quantile sampling),10,CHTR,0.324,0.142,0.117,0.173,0.244,0.12471140000000003
Chronos-2 120M (independent quantile sampling),10,CNC,0.257,0.146,0.127,0.195,0.275,0.20699660000000003
Chronos-2 120M (independent quantile sampling),10,CNP,0.209,0.193,0.155,0.242,0.201,0.23078700000000002
Chronos-2 120M (independent quantile sampling),10,COP,0.17,0.104,0.109,0.148,0.469,0.36332519999999996
Chronos-2 120M (independent quantile sampling),10,CTAS,0.186,0.216,0.169,0.237,0.192,0.11182100000000003
Chronos-2 120M (independent quantile sampling),10,CZR,0.357,0.103,0.072,0.105,0.363,0.21116840000000003
Chronos-2 120M (independent quantile sampling),10,DG,0.228,0.206,0.177,0.202,0.187,0.11172600000000003
Chronos-2 120M (independent quantile sampling),10,DPZ,0.261,0.162,0.128,0.168,0.281,0.13632239999999998
Chronos-2 120M (independent quantile sampling),10,DRE,0.0,0.117,0.791,0.092,0.0,0.004430599999999999
Chronos-2 120M (independent quantile sampling),10,DXC,0.336,0.12,0.098,0.134,0.312,0.20661839999999998
Chronos-2 120M (independent quantile sampling),10,EWA,0.156,0.214,0.211,0.242,0.177,0.1060252
Chronos-2 120M (independent quantile sampling),10,EWC,0.138,0.214,0.222,0.239,0.187,0.13107860000000002
Chronos-2 120M (independent quantile sampling),10,EWG,0.222,0.183,0.153,0.2,0.242,0.11664740000000003
Chronos-2 120M (independent quantile sampling),10,EWH,0.174,0.213,0.175,0.231,0.207,0.22494760000000005
Chronos-2 120M (independent quantile sampling),10,EWJ,0.086,0.241,0.219,0.302,0.152,0.06870900000000002
Chronos-2 120M (independent quantile sampling),10,EWL,0.141,0.252,0.231,0.249,0.127,0.10916699999999999
Chronos-2 120M (independent quantile sampling),10,EWQ,0.167,0.192,0.159,0.248,0.234,0.09596999999999999
Chronos-2 120M (independent quantile sampling),10,EWT,0.131,0.193,0.203,0.225,0.248,0.092274
Chronos-2 120M (independent quantile sampling),10,EWU,0.149,0.231,0.215,0.24,0.165,0.24357020000000001
Chronos-2 120M (independent quantile sampling),10,EWY,0.139,0.169,0.157,0.249,0.286,0.31764119999999996
Chronos-2 120M (independent quantile sampling),10,EWZ,0.342,0.158,0.122,0.156,0.222,0.11182640000000002
Chronos-2 120M (independent quantile sampling),10,FTV,0.195,0.191,0.159,0.212,0.243,0.2582189999999999
Chronos-2 120M (independent quantile sampling),10,GOOG,0.308,0.139,0.126,0.158,0.269,0.20787260000000002
Chronos-2 120M (independent quantile sampling),10,GPC,0.151,0.176,0.169,0.234,0.27,0.08972919999999998
Chronos-2 120M (independent quantile sampling),10,GSG,0.18,0.154,0.151,0.211,0.304,0.2947194000000001
Chronos-2 120M (independent quantile sampling),10,HIG,0.206,0.148,0.164,0.219,0.263,0.10104900000000001
Chronos-2 120M (independent quantile sampling),10,HIGH.L,0.029,0.302,0.479,0.185,0.005,0.029305399999999992
Chronos-2 120M (independent quantile sampling),10,HST,0.266,0.137,0.129,0.16,0.308,0.2418106
Chronos-2 120M (independent quantile sampling),10,HYG,0.054,0.318,0.383,0.214,0.031,0.0404572
Chronos-2 120M (independent quantile sampling),10,IAU,0.13,0.271,0.279,0.238,0.082,0.057365
Chronos-2 120M (independent quantile sampling),10,ICLN,0.353,0.164,0.123,0.166,0.194,0.1118268
Chronos-2 120M (independent quantile sampling),10,IEAA.L,0.014,0.409,0.504,0.073,0.0,0.20769080000000004
Chronos-2 120M (independent quantile sampling),10,IEF,0.064,0.419,0.378,0.136,0.003,0.195743
Chronos-2 120M (independent quantile sampling),10,IEFM.L,0.086,0.278,0.278,0.269,0.089,0.05519539999999999
Chronos-2 120M (independent quantile sampling),10,IEMG,0.174,0.237,0.198,0.247,0.144,0.11816279999999998
Chronos-2 120M (independent quantile sampling),10,IEUS,0.22,0.168,0.149,0.222,0.241,0.0942788
Chronos-2 120M (independent quantile sampling),10,IEVL.L,0.07,0.219,0.246,0.304,0.161,0.08011340000000002
Chronos-2 120M (independent quantile sampling),10,IGF,0.11,0.24,0.278,0.275,0.097,0.056478600000000004
Chronos-2 120M (independent quantile sampling),10,INDA,0.104,0.229,0.244,0.301,0.122,0.1299036
Chronos-2 120M (independent quantile sampling),10,IUMO.L,0.097,0.254,0.272,0.281,0.096,0.056791
Chronos-2 120M (independent quantile sampling),10,IUVL.L,0.1,0.251,0.229,0.25,0.17,0.06770020000000002
Chronos-2 120M (independent quantile sampling),10,IVV,0.16,0.226,0.193,0.268,0.153,0.12064920000000001
Chronos-2 120M (independent quantile sampling),10,IWM,0.212,0.235,0.182,0.21,0.161,0.21806300000000003
Chronos-2 120M (independent quantile sampling),10,IXN,0.23,0.173,0.16,0.21,0.227,0.13036139999999996
Chronos-2 120M (independent quantile sampling),10,JPEA.L,0.099,0.363,0.328,0.19,0.02,0.361549
Chronos-2 120M (independent quantile sampling),10,JPM,0.169,0.176,0.164,0.225,0.266,0.1538846
Chronos-2 120M (independent quantile sampling),10,KR,0.225,0.163,0.136,0.19,0.286,0.1467082
Chronos-2 120M (independent quantile sampling),10,LQD,0.086,0.388,0.347,0.171,0.008,0.37803539999999997
Chronos-2 120M (independent quantile sampling),10,MCHI,0.353,0.158,0.128,0.136,0.225,0.2789352
Chronos-2 120M (independent quantile sampling),10,META,0.499,0.087,0.088,0.102,0.224,0.21936979999999995
Chronos-2 120M (independent quantile sampling),10,MVEU.L,0.059,0.282,0.356,0.267,0.036,0.0425734
Chronos-2 120M (independent quantile sampling),10,OGN,0.299,0.174,0.126,0.166,0.235,0.25143119999999997
Chronos-2 120M (independent quantile sampling),10,PG,0.156,0.23,0.19,0.252,0.172,0.23813840000000006
Chronos-2 120M (independent quantile sampling),10,PPL,0.19,0.205,0.184,0.226,0.195,0.23507819999999996
Chronos-2 120M (independent quantile sampling),10,PRU,0.163,0.163,0.157,0.222,0.295,0.3018318
Chronos-2 120M (independent quantile sampling),10,PYPL,0.372,0.121,0.069,0.106,0.332,0.19070020000000001
Chronos-2 120M (independent quantile sampling),10,RE,0.249,0.153,0.135,0.178,0.285,0.20463980000000004
Chronos-2 120M (independent quantile sampling),10,REET,0.151,0.272,0.248,0.225,0.104,0.0949574
Chronos-2 120M (independent quantile sampling),10,ROL,0.193,0.175,0.148,0.221,0.263,0.27081959999999994
Chronos-2 120M (independent quantile sampling),10,ROST,0.318,0.148,0.149,0.149,0.236,0.2560402
Chronos-2 120M (independent quantile sampling),10,SEGA.L,0.072,0.374,0.388,0.158,0.008,0.046343999999999996
Chronos-2 120M (independent quantile sampling),10,SHY,0.0,0.213,0.778,0.009,0.0,0.009089999999999999
Chronos-2 120M (independent quantile sampling),10,SLV,0.269,0.155,0.154,0.197,0.225,0.23736920000000006
Chronos-2 120M (independent quantile sampling),10,SPMV.L,0.119,0.254,0.316,0.25,0.061,0.12634640000000003
Chronos-2 120M (independent quantile sampling),10,TLT,0.263,0.282,0.216,0.183,0.056,0.36729019999999996
Chronos-2 120M (independent quantile sampling),10,UNH,0.213,0.205,0.18,0.207,0.195,0.12314439999999997
Chronos-2 120M (independent quantile sampling),10,URI,0.253,0.136,0.111,0.158,0.342,0.1164588
Chronos-2 120M (independent quantile sampling),10,V,0.25,0.182,0.143,0.191,0.234,0.12690099999999999
Chronos-2 120M (independent quantile sampling),10,VRSK,0.254,0.246,0.19,0.177,0.133,0.161661
Chronos-2 120M (independent quantile sampling),10,VXX,0.558,0.113,0.091,0.087,0.151,0.07660999999999998
Chronos-2 120M (independent quantile sampling),10,WRK,0.271,0.164,0.133,0.152,0.28,0.22313799999999998
Chronos-2 120M (independent quantile sampling),10,XLB,0.132,0.212,0.176,0.275,0.205,0.08163699999999999
Chronos-2 120M (independent quantile sampling),10,XLC,0.256,0.218,0.17,0.175,0.181,0.10034180000000001
Chronos-2 120M (independent quantile sampling),10,XLE,0.153,0.102,0.122,0.196,0.427,0.3685784
Chronos-2 120M (independent quantile sampling),10,XLF,0.13,0.196,0.196,0.286,0.192,0.14730479999999999
Chronos-2 120M (independent quantile sampling),10,XLI,0.132,0.247,0.224,0.247,0.15,0.06823480000000001
Chronos-2 120M (independent quantile sampling),10,XLK,0.214,0.194,0.186,0.191,0.215,0.12146419999999995
Chronos-2 120M (independent quantile sampling),10,XLP,0.076,0.245,0.303,0.289,0.087,0.1011524
Chronos-2 120M (independent quantile sampling),10,XLU,0.173,0.209,0.215,0.227,0.176,0.24224759999999995
Chronos-2 120M (independent quantile sampling),10,XLV,0.106,0.26,0.261,0.268,0.105,0.2678692
Chronos-2 120M (independent quantile sampling),10,XLY,0.357,0.198,0.148,0.163,0.134,0.1435278
Chronos-2 120M (independent quantile sampling),10,XOM,0.129,0.11,0.111,0.163,0.487,0.3994862
Chronos-2 120M (independent quantile sampling),11,ABBV,0.152,0.158,0.173,0.255,0.262,0.0842274
Chronos-2 120M (independent quantile sampling),11,ACN,0.221,0.177,0.128,0.212,0.262,0.252513
Chronos-2 120M (independent quantile sampling),11,AEP,0.112,0.158,0.223,0.26,0.247,0.0807004
Chronos-2 120M (independent quantile sampling),11,AIZ,0.219,0.181,0.186,0.212,0.202,0.12403219999999997
Chronos-2 120M (independent quantile sampling),11,ALLE,0.262,0.16,0.151,0.189,0.238,0.12634020000000004
Chronos-2 120M (independent quantile sampling),11,AMAT,0.273,0.099,0.091,0.127,0.41,0.2758764
Chronos-2 120M (independent quantile sampling),11,AMP,0.182,0.159,0.141,0.199,0.319,0.103898
Chronos-2 120M (independent quantile sampling),11,AMZN,0.418,0.126,0.088,0.134,0.234,0.147368
Chronos-2 120M (independent quantile sampling),11,AVB,0.25,0.203,0.158,0.199,0.19,0.10982600000000001
Chronos-2 120M (independent quantile sampling),11,AVY,0.273,0.164,0.149,0.169,0.245,0.2357838000000001
Chronos-2 120M (independent quantile sampling),11,AXP,0.223,0.185,0.153,0.19,0.249,0.130983
Chronos-2 120M (independent quantile sampling),11,BDX,0.195,0.195,0.181,0.214,0.215,0.2264782
Chronos-2 120M (independent quantile sampling),11,BF-B,0.257,0.236,0.169,0.21,0.128,0.1879452
Chronos-2 120M (independent quantile sampling),11,BMY,0.203,0.21,0.229,0.218,0.14,0.22550839999999997
Chronos-2 120M (independent quantile sampling),11,BR,0.259,0.17,0.172,0.193,0.206,0.21535179999999995
Chronos-2 120M (independent quantile sampling),11,CARR,0.213,0.172,0.157,0.172,0.286,0.0970308
Chronos-2 120M (independent quantile sampling),11,CDW,0.171,0.169,0.163,0.215,0.282,0.1582748
Chronos-2 120M (independent quantile sampling),11,CE,0.351,0.144,0.106,0.153,0.246,0.2595886
Chronos-2 120M (independent quantile sampling),11,CHTR,0.396,0.154,0.118,0.147,0.185,0.14235299999999998
Chronos-2 120M (independent quantile sampling),11,CNC,0.267,0.132,0.121,0.187,0.293,0.24294779999999996
Chronos-2 120M (independent quantile sampling),11,CNP,0.149,0.169,0.172,0.263,0.247,0.16168679999999996
Chronos-2 120M (independent quantile sampling),11,COP,0.243,0.118,0.099,0.14,0.4,0.152194
Chronos-2 120M (independent quantile sampling),11,CTAS,0.134,0.162,0.175,0.249,0.28,0.17436259999999998
Chronos-2 120M (independent quantile sampling),11,CZR,0.396,0.095,0.074,0.11,0.325,0.1837494
Chronos-2 120M (independent quantile sampling),11,DG,0.219,0.188,0.172,0.197,0.224,0.11980539999999999
Chronos-2 120M (independent quantile sampling),11,DPZ,0.327,0.141,0.129,0.138,0.265,0.1937174
Chronos-2 120M (independent quantile sampling),11,DRE,0.0,0.278,0.574,0.143,0.005,0.019842600000000005
Chronos-2 120M (independent quantile sampling),11,DXC,0.354,0.124,0.1,0.124,0.298,0.2361376
Chronos-2 120M (independent quantile sampling),11,EWA,0.166,0.223,0.222,0.242,0.147,0.07036139999999999
Chronos-2 120M (independent quantile sampling),11,EWC,0.153,0.23,0.215,0.231,0.171,0.07218860000000002
Chronos-2 120M (independent quantile sampling),11,EWG,0.21,0.218,0.188,0.202,0.182,0.25517280000000003
Chronos-2 120M (independent quantile sampling),11,EWH,0.11,0.159,0.169,0.212,0.35,0.13976100000000002
Chronos-2 120M (independent quantile sampling),11,EWJ,0.162,0.254,0.252,0.229,0.103,0.09762659999999998
Chronos-2 120M (independent quantile sampling),11,EWL,0.118,0.259,0.262,0.257,0.104,0.115038
Chronos-2 120M (independent quantile sampling),11,EWQ,0.13,0.212,0.204,0.272,0.182,0.22022079999999997
Chronos-2 120M (independent quantile sampling),11,EWT,0.156,0.202,0.2,0.222,0.22,0.07925279999999998
Chronos-2 120M (independent quantile sampling),11,EWU,0.105,0.215,0.25,0.283,0.147,0.09198680000000001
Chronos-2 120M (independent quantile sampling),11,EWY,0.245,0.207,0.175,0.196,0.177,0.2669574
Chronos-2 120M (independent quantile sampling),11,EWZ,0.328,0.15,0.131,0.146,0.245,0.1533948
Chronos-2 120M (independent quantile sampling),11,FTV,0.217,0.213,0.172,0.206,0.192,0.11345140000000002
Chronos-2 120M (independent quantile sampling),11,GOOG,0.302,0.142,0.121,0.159,0.276,0.21234820000000001
Chronos-2 120M (independent quantile sampling),11,GPC,0.098,0.163,0.153,0.23,0.356,0.3659714
Chronos-2 120M (independent quantile sampling),11,GSG,0.196,0.175,0.166,0.219,0.244,0.08999239999999999
Chronos-2 120M (independent quantile sampling),11,HIG,0.186,0.143,0.165,0.235,0.271,0.1836628
Chronos-2 120M (independent quantile sampling),11,HIGH.L,0.033,0.418,0.466,0.08,0.003,0.0422776
Chronos-2 120M (independent quantile sampling),11,HST,0.263,0.127,0.135,0.155,0.32,0.2486588
Chronos-2 120M (independent quantile sampling),11,HYG,0.08,0.343,0.368,0.188,0.021,0.0458902
Chronos-2 120M (independent quantile sampling),11,IAU,0.178,0.275,0.269,0.207,0.071,0.1526436
Chronos-2 120M (independent quantile sampling),11,ICLN,0.327,0.177,0.142,0.169,0.185,0.1716972
Chronos-2 120M (independent quantile sampling),11,IEAA.L,0.028,0.508,0.422,0.042,0.0,0.0435688
Chronos-2 120M (independent quantile sampling),11,IEF,0.098,0.435,0.343,0.121,0.003,0.061815600000000005
Chronos-2 120M (independent quantile sampling),11,IEFM.L,0.057,0.271,0.338,0.278,0.056,0.111505
Chronos-2 120M (independent quantile sampling),11,IEMG,0.181,0.229,0.223,0.231,0.136,0.1240092
Chronos-2 120M (independent quantile sampling),11,IEUS,0.233,0.185,0.184,0.212,0.186,0.1252026
Chronos-2 120M (independent quantile sampling),11,IEVL.L,0.04,0.187,0.27,0.352,0.151,0.0645878
Chronos-2 120M (independent quantile sampling),11,IGF,0.08,0.193,0.303,0.297,0.127,0.08576680000000002
Chronos-2 120M (independent quantile sampling),11,INDA,0.11,0.218,0.253,0.283,0.136,0.1315482
Chronos-2 120M (independent quantile sampling),11,IUMO.L,0.074,0.209,0.247,0.307,0.163,0.15340680000000004
Chronos-2 120M (independent quantile sampling),11,IUVL.L,0.142,0.253,0.228,0.222,0.155,0.1104686
Chronos-2 120M (independent quantile sampling),11,IVV,0.147,0.197,0.204,0.27,0.182,0.1378746
Chronos-2 120M (independent quantile sampling),11,IWM,0.216,0.222,0.188,0.197,0.177,0.10674100000000002
Chronos-2 120M (independent quantile sampling),11,IXN,0.227,0.172,0.176,0.209,0.216,0.23720220000000003
Chronos-2 120M (independent quantile sampling),11,JPEA.L,0.123,0.368,0.334,0.157,0.018,0.0574318
Chronos-2 120M (independent quantile sampling),11,JPM,0.225,0.185,0.167,0.219,0.204,0.23705400000000001
Chronos-2 120M (independent quantile sampling),11,KR,0.228,0.154,0.135,0.191,0.292,0.1504922
Chronos-2 120M (independent quantile sampling),11,LQD,0.082,0.362,0.36,0.181,0.015,0.0485002
Chronos-2 120M (independent quantile sampling),11,MCHI,0.343,0.164,0.133,0.138,0.222,0.2779164
Chronos-2 120M (independent quantile sampling),11,META,0.353,0.117,0.074,0.118,0.338,0.21593779999999993
Chronos-2 120M (independent quantile sampling),11,MVEU.L,0.028,0.229,0.391,0.318,0.034,0.0383786
Chronos-2 120M (independent quantile sampling),11,OGN,0.299,0.166,0.127,0.159,0.249,0.24401819999999996
Chronos-2 120M (independent quantile sampling),11,PG,0.066,0.193,0.214,0.285,0.242,0.070746
Chronos-2 120M (independent quantile sampling),11,PPL,0.104,0.203,0.205,0.273,0.215,0.08268679999999999
Chronos-2 120M (independent quantile sampling),11,PRU,0.225,0.151,0.184,0.201,0.239,0.1381444
Chronos-2 120M (independent quantile sampling),11,PYPL,0.512,0.1,0.085,0.098,0.205,0.23290439999999996
Chronos-2 120M (independent quantile sampling),11,RE,0.197,0.158,0.137,0.187,0.321,0.17358780000000001
Chronos-2 120M (independent quantile sampling),11,REET,0.129,0.261,0.257,0.243,0.11,0.10508999999999999
Chronos-2 120M (independent quantile sampling),11,ROL,0.303,0.171,0.154,0.185,0.187,0.18716760000000005
Chronos-2 120M (independent quantile sampling),11,ROST,0.198,0.098,0.115,0.195,0.394,0.13259540000000003
Chronos-2 120M (independent quantile sampling),11,SEGA.L,0.144,0.412,0.328,0.109,0.007,0.06867539999999998
Chronos-2 120M (independent quantile sampling),11,SHY,0.001,0.439,0.558,0.002,0.0,0.038721
Chronos-2 120M (independent quantile sampling),11,SLV,0.306,0.166,0.169,0.172,0.187,0.152454
Chronos-2 120M (independent quantile sampling),11,SPMV.L,0.089,0.234,0.307,0.278,0.092,0.12232280000000002
Chronos-2 120M (independent quantile sampling),11,TLT,0.268,0.248,0.194,0.191,0.099,0.0799962
Chronos-2 120M (independent quantile sampling),11,UNH,0.146,0.174,0.163,0.237,0.28,0.307481
Chronos-2 120M (independent quantile sampling),11,URI,0.276,0.123,0.096,0.155,0.35,0.18058040000000003
Chronos-2 120M (independent quantile sampling),11,V,0.26,0.178,0.155,0.184,0.223,0.24296439999999997
Chronos-2 120M (independent quantile sampling),11,VRSK,0.183,0.195,0.185,0.212,0.225,0.08359340000000001
Chronos-2 120M (independent quantile sampling),11,VXX,0.752,0.088,0.048,0.046,0.066,0.0208008
Chronos-2 120M (independent quantile sampling),11,WRK,0.331,0.156,0.13,0.137,0.246,0.157587
Chronos-2 120M (independent quantile sampling),11,XLB,0.129,0.215,0.192,0.277,0.187,0.07704839999999999
Chronos-2 120M (independent quantile sampling),11,XLC,0.229,0.2,0.177,0.176,0.218,0.13024840000000004
Chronos-2 120M (independent quantile sampling),11,XLE,0.202,0.118,0.144,0.158,0.378,0.14907679999999998
Chronos-2 120M (independent quantile sampling),11,XLF,0.174,0.214,0.225,0.237,0.15,0.1158178
Chronos-2 120M (independent quantile sampling),11,XLI,0.123,0.241,0.227,0.256,0.153,0.10406299999999999
Chronos-2 120M (independent quantile sampling),11,XLK,0.199,0.188,0.2,0.195,0.218,0.24709259999999994
Chronos-2 120M (independent quantile sampling),11,XLP,0.043,0.2,0.304,0.334,0.119,0.0560536
Chronos-2 120M (independent quantile sampling),11,XLU,0.12,0.197,0.213,0.266,0.204,0.07548099999999999
Chronos-2 120M (independent quantile sampling),11,XLV,0.07,0.21,0.282,0.297,0.141,0.147005
Chronos-2 120M (independent quantile sampling),11,XLY,0.237,0.197,0.154,0.191,0.221,0.22422200000000006
Chronos-2 120M (independent quantile sampling),11,XOM,0.188,0.116,0.121,0.162,0.413,0.13059079999999998
Chronos-2 120M (independent quantile sampling),12,ABBV,0.1,0.132,0.156,0.24,0.372,0.38255040000000007
Chronos-2 120M (independent quantile sampling),12,ACN,0.271,0.178,0.129,0.194,0.228,0.132222
Chronos-2 120M (independent quantile sampling),12,AEP,0.112,0.18,0.205,0.258,0.245,0.3205684
Chronos-2 120M (independent quantile sampling),12,AIZ,0.205,0.19,0.174,0.214,0.217,0.11378000000000002
Chronos-2 120M (independent quantile sampling),12,ALLE,0.264,0.166,0.148,0.179,0.243,0.23234580000000005
Chronos-2 120M (independent quantile sampling),12,AMAT,0.346,0.116,0.09,0.129,0.319,0.22032499999999997
Chronos-2 120M (independent quantile sampling),12,AMP,0.196,0.171,0.141,0.19,0.302,0.18367459999999997
Chronos-2 120M (independent quantile sampling),12,AMZN,0.464,0.135,0.107,0.122,0.172,0.3516234
Chronos-2 120M (independent quantile sampling),12,AVB,0.254,0.207,0.153,0.186,0.2,0.25880660000000005
Chronos-2 120M (independent quantile sampling),12,AVY,0.235,0.181,0.15,0.159,0.275,0.23805240000000003
Chronos-2 120M (independent quantile sampling),12,AXP,0.278,0.193,0.148,0.167,0.214,0.26001640000000004
Chronos-2 120M (independent quantile sampling),12,BDX,0.156,0.195,0.175,0.226,0.248,0.2839434
Chronos-2 120M (independent quantile sampling),12,BF-B,0.241,0.219,0.182,0.198,0.16,0.14148899999999998
Chronos-2 120M (independent quantile sampling),12,BMY,0.178,0.2,0.194,0.247,0.181,0.0781026
Chronos-2 120M (independent quantile sampling),12,BR,0.33,0.195,0.172,0.148,0.155,0.31687180000000004
Chronos-2 120M (independent quantile sampling),12,CARR,0.239,0.182,0.15,0.17,0.259,0.1254968
Chronos-2 120M (independent quantile sampling),12,CDW,0.189,0.18,0.163,0.2,0.268,0.198146
Chronos-2 120M (independent quantile sampling),12,CE,0.31,0.141,0.111,0.139,0.299,0.1409492
Chronos-2 120M (independent quantile sampling),12,CHTR,0.374,0.137,0.108,0.149,0.232,0.27479639999999994
Chronos-2 120M (independent quantile sampling),12,CNC,0.287,0.136,0.134,0.159,0.284,0.22364060000000005
Chronos-2 120M (independent quantile sampling),12,CNP,0.142,0.18,0.177,0.25,0.251,0.15877000000000002
Chronos-2 120M (independent quantile sampling),12,COP,0.18,0.103,0.102,0.139,0.476,0.3582580000000001
Chronos-2 120M (independent quantile sampling),12,CTAS,0.177,0.218,0.145,0.23,0.23,0.13237079999999998
Chronos-2 120M (independent quantile sampling),12,CZR,0.456,0.09,0.077,0.098,0.279,0.2828044
Chronos-2 120M (independent quantile sampling),12,DG,0.161,0.186,0.184,0.212,0.257,0.28326799999999996
Chronos-2 120M (independent quantile sampling),12,DPZ,0.287,0.157,0.127,0.166,0.263,0.13494299999999998
Chronos-2 120M (independent quantile sampling),12,DRE,0.0,0.089,0.648,0.255,0.008,0.1798308
Chronos-2 120M (independent quantile sampling),12,DXC,0.294,0.12,0.095,0.121,0.37,0.1271626
Chronos-2 120M (independent quantile sampling),12,EWA,0.19,0.253,0.208,0.216,0.133,0.1347678
Chronos-2 120M (independent quantile sampling),12,EWC,0.176,0.265,0.206,0.201,0.152,0.133434
Chronos-2 120M (independent quantile sampling),12,EWG,0.204,0.241,0.176,0.206,0.173,0.13104219999999997
Chronos-2 120M (independent quantile sampling),12,EWH,0.156,0.223,0.186,0.211,0.224,0.12987560000000004
Chronos-2 120M (independent quantile sampling),12,EWJ,0.187,0.298,0.246,0.189,0.08,0.16219099999999997
Chronos-2 120M (independent quantile sampling),12,EWL,0.142,0.281,0.236,0.232,0.109,0.065451
Chronos-2 120M (independent quantile sampling),12,EWQ,0.132,0.229,0.197,0.265,0.177,0.09808760000000002
Chronos-2 120M (independent quantile sampling),12,EWT,0.19,0.233,0.19,0.205,0.182,0.12478439999999999
Chronos-2 120M (independent quantile sampling),12,EWU,0.087,0.227,0.236,0.284,0.166,0.06724419999999999
Chronos-2 120M (independent quantile sampling),12,EWY,0.338,0.236,0.146,0.159,0.121,0.19535220000000003
Chronos-2 120M (independent quantile sampling),12,EWZ,0.266,0.151,0.115,0.151,0.317,0.14603159999999998
Chronos-2 120M (independent quantile sampling),12,FTV,0.239,0.219,0.169,0.19,0.183,0.1387006
Chronos-2 120M (independent quantile sampling),12,GOOG,0.351,0.162,0.13,0.14,0.217,0.2825816
Chronos-2 120M (independent quantile sampling),12,GPC,0.136,0.191,0.163,0.22,0.29,0.16312500000000002
Chronos-2 120M (independent quantile sampling),12,GSG,0.141,0.149,0.161,0.218,0.331,0.1869886
Chronos-2 120M (independent quantile sampling),12,HIG,0.175,0.156,0.159,0.227,0.283,0.293675
Chronos-2 120M (independent quantile sampling),12,HIGH.L,0.016,0.285,0.497,0.198,0.004,0.02633539999999999
Chronos-2 120M (independent quantile sampling),12,HST,0.307,0.163,0.134,0.138,0.258,0.24610579999999996
Chronos-2 120M (independent quantile sampling),12,HYG,0.045,0.322,0.382,0.216,0.035,0.040188
Chronos-2 120M (independent quantile sampling),12,IAU,0.1,0.26,0.247,0.264,0.129,0.118138
Chronos-2 120M (independent quantile sampling),12,ICLN,0.389,0.179,0.143,0.143,0.146,0.11575640000000001
Chronos-2 120M (independent quantile sampling),12,IEAA.L,0.009,0.366,0.524,0.1,0.001,0.030181599999999996
Chronos-2 120M (independent quantile sampling),12,IEF,0.046,0.357,0.38,0.202,0.015,0.08116780000000001
Chronos-2 120M (independent quantile sampling),12,IEFM.L,0.007,0.112,0.297,0.425,0.159,0.07610940000000002
Chronos-2 120M (independent quantile sampling),12,IEMG,0.205,0.26,0.211,0.208,0.116,0.07533640000000001
Chronos-2 120M (independent quantile sampling),12,IEUS,0.24,0.211,0.186,0.21,0.153,0.1380358
Chronos-2 120M (independent quantile sampling),12,IEVL.L,0.033,0.179,0.242,0.324,0.222,0.07868660000000001
Chronos-2 120M (independent quantile sampling),12,IGF,0.09,0.219,0.277,0.284,0.13,0.13477540000000002
Chronos-2 120M (independent quantile sampling),12,INDA,0.108,0.263,0.249,0.272,0.108,0.2694738
Chronos-2 120M (independent quantile sampling),12,IUMO.L,0.081,0.208,0.229,0.298,0.184,0.3232524
Chronos-2 120M (independent quantile sampling),12,IUVL.L,0.146,0.254,0.214,0.207,0.179,0.1180706
Chronos-2 120M (independent quantile sampling),12,IVV,0.168,0.239,0.213,0.242,0.138,0.1194634
Chronos-2 120M (independent quantile sampling),12,IWM,0.255,0.252,0.174,0.18,0.139,0.3054312
Chronos-2 120M (independent quantile sampling),12,IXN,0.288,0.209,0.184,0.175,0.144,0.30529
Chronos-2 120M (independent quantile sampling),12,JPEA.L,0.073,0.364,0.339,0.202,0.022,0.0493916
Chronos-2 120M (independent quantile sampling),12,JPM,0.186,0.204,0.166,0.233,0.211,0.08567059999999999
Chronos-2 120M (independent quantile sampling),12,KR,0.208,0.155,0.112,0.173,0.352,0.2865124
Chronos-2 120M (independent quantile sampling),12,LQD,0.066,0.358,0.347,0.206,0.023,0.04742040000000001
Chronos-2 120M (independent quantile sampling),12,MCHI,0.344,0.172,0.129,0.133,0.222,0.10558019999999999
Chronos-2 120M (independent quantile sampling),12,META,0.371,0.126,0.073,0.125,0.305,0.23851499999999995
Chronos-2 120M (independent quantile sampling),12,MVEU.L,0.043,0.236,0.354,0.313,0.054,0.131859
Chronos-2 120M (independent quantile sampling),12,OGN,0.229,0.169,0.131,0.153,0.318,0.106762
Chronos-2 120M (independent quantile sampling),12,PG,0.049,0.181,0.216,0.297,0.257,0.3740532
Chronos-2 120M (independent quantile sampling),12,PPL,0.097,0.194,0.184,0.261,0.264,0.3326822
Chronos-2 120M (independent quantile sampling),12,PRU,0.213,0.165,0.169,0.208,0.245,0.1394974
Chronos-2 120M (independent quantile sampling),12,PYPL,0.507,0.117,0.096,0.107,0.173,0.3697508
Chronos-2 120M (independent quantile sampling),12,RE,0.133,0.147,0.14,0.193,0.387,0.20445159999999998
Chronos-2 120M (independent quantile sampling),12,REET,0.158,0.282,0.236,0.217,0.107,0.1373978
Chronos-2 120M (independent quantile sampling),12,ROL,0.253,0.19,0.156,0.2,0.201,0.115092
Chronos-2 120M (independent quantile sampling),12,ROST,0.204,0.126,0.119,0.193,0.358,0.3028562
Chronos-2 120M (independent quantile sampling),12,SEGA.L,0.049,0.372,0.418,0.149,0.012,0.041141399999999995
Chronos-2 120M (independent quantile sampling),12,SHY,0.0,0.081,0.879,0.04,0.0,0.16923220000000003
Chronos-2 120M (independent quantile sampling),12,SLV,0.284,0.158,0.147,0.175,0.236,0.2097274
Chronos-2 120M (independent quantile sampling),12,SPMV.L,0.106,0.241,0.287,0.264,0.102,0.11640100000000002
Chronos-2 120M (independent quantile sampling),12,TLT,0.215,0.271,0.18,0.215,0.119,0.08162760000000001
Chronos-2 120M (independent quantile sampling),12,UNH,0.198,0.188,0.163,0.205,0.246,0.2568234
Chronos-2 120M (independent quantile sampling),12,URI,0.278,0.137,0.095,0.156,0.334,0.190633
Chronos-2 120M (independent quantile sampling),12,V,0.2,0.186,0.164,0.191,0.259,0.11171539999999999
Chronos-2 120M (independent quantile sampling),12,VRSK,0.182,0.215,0.193,0.199,0.211,0.12187079999999997
Chronos-2 120M (independent quantile sampling),12,VXX,0.767,0.084,0.046,0.05,0.053,0.017981599999999997
Chronos-2 120M (independent quantile sampling),12,WRK,0.349,0.161,0.118,0.134,0.238,0.17178580000000004
Chronos-2 120M (independent quantile sampling),12,XLB,0.169,0.222,0.177,0.266,0.166,0.10632440000000003
Chronos-2 120M (independent quantile sampling),12,XLC,0.248,0.233,0.177,0.175,0.167,0.28394359999999996
Chronos-2 120M (independent quantile sampling),12,XLE,0.173,0.11,0.129,0.174,0.414,0.21223160000000005
Chronos-2 120M (independent quantile sampling),12,XLF,0.162,0.218,0.197,0.255,0.168,0.07555940000000001
Chronos-2 120M (independent quantile sampling),12,XLI,0.147,0.241,0.219,0.231,0.162,0.0705692
Chronos-2 120M (independent quantile sampling),12,XLK,0.263,0.249,0.157,0.172,0.159,0.297231
Chronos-2 120M (independent quantile sampling),12,XLP,0.039,0.205,0.283,0.336,0.137,0.347511
Chronos-2 120M (independent quantile sampling),12,XLU,0.129,0.212,0.195,0.258,0.206,0.29013079999999997
Chronos-2 120M (independent quantile sampling),12,XLV,0.079,0.249,0.279,0.266,0.127,0.12568059999999998
Chronos-2 120M (independent quantile sampling),12,XLY,0.296,0.237,0.158,0.175,0.134,0.3198283999999999
Chronos-2 120M (independent quantile sampling),12,XOM,0.164,0.115,0.12,0.155,0.446,0.1329708
