model,round,symbol,Rank1,Rank2,Rank3,Rank4,Rank5,RPS
Chronos-2 120M (spatiotemporal Gaussian copula),1,ABBV,0.029,0.079,0.177,0.337,0.378,0.0473228
Chronos-2 120M (spatiotemporal Gaussian copula),1,ACN,0.143,0.198,0.203,0.248,0.208,0.09518599999999999
Chronos-2 120M (spatiotemporal Gaussian copula),1,AEP,0.049,0.074,0.125,0.231,0.521,0.17089500000000002
Chronos-2 120M (spatiotemporal Gaussian copula),1,AIZ,0.018,0.103,0.15,0.299,0.43,0.08266120000000002
Chronos-2 120M (spatiotemporal Gaussian copula),1,ALLE,0.181,0.222,0.203,0.231,0.163,0.24179499999999998
Chronos-2 120M (spatiotemporal Gaussian copula),1,AMAT,0.286,0.133,0.109,0.124,0.348,0.15264899999999998
Chronos-2 120M (spatiotemporal Gaussian copula),1,AMP,0.281,0.192,0.14,0.188,0.199,0.09841200000000001
Chronos-2 120M (spatiotemporal Gaussian copula),1,AMZN,0.339,0.196,0.155,0.142,0.168,0.31389400000000006
Chronos-2 120M (spatiotemporal Gaussian copula),1,AVB,0.049,0.127,0.162,0.256,0.406,0.1272914
Chronos-2 120M (spatiotemporal Gaussian copula),1,AVY,0.508,0.228,0.134,0.092,0.038,0.1636208
Chronos-2 120M (spatiotemporal Gaussian copula),1,AXP,0.381,0.171,0.127,0.136,0.185,0.18902620000000003
Chronos-2 120M (spatiotemporal Gaussian copula),1,BDX,0.155,0.178,0.216,0.245,0.206,0.28095020000000004
Chronos-2 120M (spatiotemporal Gaussian copula),1,BF-B,0.088,0.16,0.189,0.251,0.312,0.36231220000000003
Chronos-2 120M (spatiotemporal Gaussian copula),1,BMY,0.08,0.19,0.231,0.276,0.223,0.07600599999999999
Chronos-2 120M (spatiotemporal Gaussian copula),1,BR,0.125,0.179,0.236,0.243,0.217,0.08934600000000001
Chronos-2 120M (spatiotemporal Gaussian copula),1,CARR,0.222,0.178,0.161,0.192,0.247,0.13260279999999997
Chronos-2 120M (spatiotemporal Gaussian copula),1,CDW,0.177,0.171,0.162,0.207,0.283,0.0945244
Chronos-2 120M (spatiotemporal Gaussian copula),1,CE,0.276,0.21,0.159,0.179,0.176,0.0994746
Chronos-2 120M (spatiotemporal Gaussian copula),1,CHTR,0.466,0.197,0.144,0.113,0.08,0.07487479999999999
Chronos-2 120M (spatiotemporal Gaussian copula),1,CNC,0.087,0.114,0.159,0.2,0.44,0.24983399999999997
Chronos-2 120M (spatiotemporal Gaussian copula),1,CNP,0.045,0.093,0.112,0.25,0.5,0.0667138
Chronos-2 120M (spatiotemporal Gaussian copula),1,COP,0.057,0.06,0.074,0.137,0.672,0.37780059999999993
Chronos-2 120M (spatiotemporal Gaussian copula),1,CTAS,0.135,0.205,0.228,0.256,0.176,0.22708499999999998
Chronos-2 120M (spatiotemporal Gaussian copula),1,CZR,0.364,0.132,0.089,0.105,0.31,0.18536740000000002
Chronos-2 120M (spatiotemporal Gaussian copula),1,DG,0.136,0.156,0.182,0.211,0.315,0.0855322
Chronos-2 120M (spatiotemporal Gaussian copula),1,DPZ,0.385,0.14,0.114,0.148,0.213,0.155908
Chronos-2 120M (spatiotemporal Gaussian copula),1,DRE,0.068,0.149,0.224,0.285,0.274,0.064254
Chronos-2 120M (spatiotemporal Gaussian copula),1,DXC,0.56,0.11,0.073,0.086,0.171,0.17155800000000004
Chronos-2 120M (spatiotemporal Gaussian copula),1,EWA,0.006,0.05,0.185,0.368,0.391,0.042826800000000005
Chronos-2 120M (spatiotemporal Gaussian copula),1,EWC,0.0,0.066,0.295,0.463,0.176,0.08873059999999999
Chronos-2 120M (spatiotemporal Gaussian copula),1,EWG,0.601,0.261,0.097,0.032,0.009,0.6012014
Chronos-2 120M (spatiotemporal Gaussian copula),1,EWH,0.343,0.303,0.208,0.11,0.036,0.1115154
Chronos-2 120M (spatiotemporal Gaussian copula),1,EWJ,0.172,0.454,0.283,0.085,0.006,0.0355554
Chronos-2 120M (spatiotemporal Gaussian copula),1,EWL,0.173,0.422,0.31,0.087,0.008,0.2406086
Chronos-2 120M (spatiotemporal Gaussian copula),1,EWQ,0.407,0.299,0.184,0.088,0.022,0.48253379999999985
Chronos-2 120M (spatiotemporal Gaussian copula),1,EWT,0.104,0.303,0.301,0.235,0.057,0.24859560000000003
Chronos-2 120M (spatiotemporal Gaussian copula),1,EWU,0.225,0.336,0.255,0.151,0.033,0.2064582
Chronos-2 120M (spatiotemporal Gaussian copula),1,EWY,0.199,0.289,0.248,0.191,0.073,0.075354
Chronos-2 120M (spatiotemporal Gaussian copula),1,EWZ,0.108,0.13,0.135,0.2,0.427,0.10715319999999999
Chronos-2 120M (spatiotemporal Gaussian copula),1,FTV,0.301,0.281,0.198,0.134,0.086,0.06422419999999998
Chronos-2 120M (spatiotemporal Gaussian copula),1,GOOG,0.118,0.195,0.231,0.236,0.22,0.0912458
Chronos-2 120M (spatiotemporal Gaussian copula),1,GPC,0.389,0.272,0.177,0.109,0.053,0.05905899999999999
Chronos-2 120M (spatiotemporal Gaussian copula),1,GSG,0.025,0.036,0.045,0.141,0.753,0.6397182
Chronos-2 120M (spatiotemporal Gaussian copula),1,HIG,0.245,0.214,0.172,0.176,0.193,0.1412232
Chronos-2 120M (spatiotemporal Gaussian copula),1,HIGH.L,0.101,0.355,0.362,0.169,0.013,0.06788600000000002
Chronos-2 120M (spatiotemporal Gaussian copula),1,HST,0.303,0.17,0.135,0.175,0.217,0.25965819999999995
Chronos-2 120M (spatiotemporal Gaussian copula),1,HYG,0.021,0.307,0.446,0.223,0.003,0.10062199999999999
Chronos-2 120M (spatiotemporal Gaussian copula),1,IAU,0.06,0.152,0.223,0.282,0.283,0.3807716
Chronos-2 120M (spatiotemporal Gaussian copula),1,ICLN,0.168,0.143,0.138,0.177,0.374,0.1436844
Chronos-2 120M (spatiotemporal Gaussian copula),1,IEAA.L,0.101,0.29,0.323,0.24,0.046,0.2525988
Chronos-2 120M (spatiotemporal Gaussian copula),1,IEF,0.122,0.221,0.25,0.279,0.128,0.27691319999999997
Chronos-2 120M (spatiotemporal Gaussian copula),1,IEFM.L,0.344,0.286,0.21,0.111,0.049,0.42504739999999985
Chronos-2 120M (spatiotemporal Gaussian copula),1,IEMG,0.297,0.383,0.216,0.089,0.015,0.04033000000000001
Chronos-2 120M (spatiotemporal Gaussian copula),1,IEUS,0.485,0.332,0.13,0.043,0.01,0.5559246
Chronos-2 120M (spatiotemporal Gaussian copula),1,IEVL.L,0.287,0.237,0.231,0.174,0.071,0.35800220000000005
Chronos-2 120M (spatiotemporal Gaussian copula),1,IGF,0.008,0.109,0.356,0.426,0.101,0.04953659999999999
Chronos-2 120M (spatiotemporal Gaussian copula),1,INDA,0.298,0.322,0.185,0.137,0.058,0.4017186
Chronos-2 120M (spatiotemporal Gaussian copula),1,IUMO.L,0.266,0.234,0.226,0.158,0.116,0.1722576
Chronos-2 120M (spatiotemporal Gaussian copula),1,IUVL.L,0.127,0.2,0.227,0.24,0.206,0.142082
Chronos-2 120M (spatiotemporal Gaussian copula),1,IVV,0.007,0.216,0.458,0.305,0.014,0.030346999999999996
Chronos-2 120M (spatiotemporal Gaussian copula),1,IWM,0.064,0.247,0.254,0.281,0.154,0.06275160000000002
Chronos-2 120M (spatiotemporal Gaussian copula),1,IXN,0.195,0.282,0.245,0.183,0.095,0.0703726
Chronos-2 120M (spatiotemporal Gaussian copula),1,JPEA.L,0.313,0.321,0.213,0.133,0.02,0.1047468
Chronos-2 120M (spatiotemporal Gaussian copula),1,JPM,0.531,0.194,0.145,0.091,0.039,0.07520139999999999
Chronos-2 120M (spatiotemporal Gaussian copula),1,KR,0.2,0.109,0.09,0.121,0.48,0.3418164
Chronos-2 120M (spatiotemporal Gaussian copula),1,LQD,0.188,0.27,0.279,0.211,0.052,0.20499620000000002
Chronos-2 120M (spatiotemporal Gaussian copula),1,MCHI,0.44,0.248,0.165,0.091,0.056,0.08713780000000002
Chronos-2 120M (spatiotemporal Gaussian copula),1,META,0.452,0.168,0.121,0.099,0.16,0.36867700000000003
Chronos-2 120M (spatiotemporal Gaussian copula),1,MVEU.L,0.163,0.319,0.291,0.177,0.05,0.17178439999999998
Chronos-2 120M (spatiotemporal Gaussian copula),1,OGN,0.046,0.057,0.106,0.165,0.626,0.5464564
Chronos-2 120M (spatiotemporal Gaussian copula),1,PG,0.188,0.245,0.242,0.207,0.118,0.09527639999999998
Chronos-2 120M (spatiotemporal Gaussian copula),1,PPL,0.267,0.226,0.206,0.193,0.108,0.31972059999999997
Chronos-2 120M (spatiotemporal Gaussian copula),1,PRU,0.333,0.213,0.139,0.171,0.144,0.32219320000000007
Chronos-2 120M (spatiotemporal Gaussian copula),1,PYPL,0.658,0.108,0.082,0.075,0.077,0.5181506
Chronos-2 120M (spatiotemporal Gaussian copula),1,RE,0.239,0.211,0.17,0.187,0.193,0.259054
Chronos-2 120M (spatiotemporal Gaussian copula),1,REET,0.016,0.135,0.365,0.38,0.104,0.0536258
Chronos-2 120M (spatiotemporal Gaussian copula),1,ROL,0.078,0.1,0.147,0.224,0.451,0.26815880000000003
Chronos-2 120M (spatiotemporal Gaussian copula),1,ROST,0.321,0.164,0.147,0.149,0.219,0.1103302
Chronos-2 120M (spatiotemporal Gaussian copula),1,SEGA.L,0.203,0.272,0.251,0.216,0.058,0.19785479999999997
Chronos-2 120M (spatiotemporal Gaussian copula),1,SHY,0.088,0.319,0.331,0.233,0.029,0.2505756
Chronos-2 120M (spatiotemporal Gaussian copula),1,SLV,0.092,0.126,0.15,0.24,0.392,0.39781520000000004
Chronos-2 120M (spatiotemporal Gaussian copula),1,SPMV.L,0.043,0.178,0.267,0.344,0.168,0.0682116
Chronos-2 120M (spatiotemporal Gaussian copula),1,TLT,0.23,0.168,0.196,0.193,0.213,0.23310179999999997
Chronos-2 120M (spatiotemporal Gaussian copula),1,UNH,0.049,0.091,0.158,0.304,0.398,0.13464179999999998
Chronos-2 120M (spatiotemporal Gaussian copula),1,URI,0.216,0.144,0.134,0.161,0.345,0.16986340000000003
Chronos-2 120M (spatiotemporal Gaussian copula),1,V,0.348,0.262,0.162,0.131,0.097,0.3809194
Chronos-2 120M (spatiotemporal Gaussian copula),1,VRSK,0.211,0.215,0.206,0.2,0.168,0.263529
Chronos-2 120M (spatiotemporal Gaussian copula),1,VXX,0.417,0.062,0.037,0.061,0.423,0.204903
Chronos-2 120M (spatiotemporal Gaussian copula),1,WRK,0.423,0.2,0.131,0.144,0.102,0.22919560000000003
Chronos-2 120M (spatiotemporal Gaussian copula),1,XLB,0.026,0.226,0.347,0.339,0.062,0.085365
Chronos-2 120M (spatiotemporal Gaussian copula),1,XLC,0.155,0.361,0.289,0.154,0.041,0.06599740000000001
Chronos-2 120M (spatiotemporal Gaussian copula),1,XLE,0.034,0.055,0.104,0.165,0.642,0.214498
Chronos-2 120M (spatiotemporal Gaussian copula),1,XLF,0.232,0.352,0.229,0.155,0.032,0.0861746
Chronos-2 120M (spatiotemporal Gaussian copula),1,XLI,0.005,0.093,0.346,0.436,0.12,0.22743300000000005
Chronos-2 120M (spatiotemporal Gaussian copula),1,XLK,0.135,0.282,0.257,0.209,0.117,0.06241580000000001
Chronos-2 120M (spatiotemporal Gaussian copula),1,XLP,0.047,0.213,0.32,0.345,0.075,0.14636679999999996
Chronos-2 120M (spatiotemporal Gaussian copula),1,XLU,0.022,0.08,0.17,0.283,0.445,0.056579400000000016
Chronos-2 120M (spatiotemporal Gaussian copula),1,XLV,0.021,0.14,0.279,0.393,0.167,0.07357019999999999
Chronos-2 120M (spatiotemporal Gaussian copula),1,XLY,0.163,0.247,0.236,0.245,0.109,0.1247732
Chronos-2 120M (spatiotemporal Gaussian copula),1,XOM,0.047,0.084,0.115,0.209,0.545,0.5057822000000001
Chronos-2 120M (spatiotemporal Gaussian copula),2,ABBV,0.056,0.122,0.205,0.269,0.348,0.23612260000000002
Chronos-2 120M (spatiotemporal Gaussian copula),2,ACN,0.11,0.165,0.177,0.237,0.311,0.34295000000000003
Chronos-2 120M (spatiotemporal Gaussian copula),2,AEP,0.192,0.202,0.187,0.217,0.202,0.114093
Chronos-2 120M (spatiotemporal Gaussian copula),2,AIZ,0.107,0.153,0.206,0.264,0.27,0.073821
Chronos-2 120M (spatiotemporal Gaussian copula),2,ALLE,0.355,0.21,0.168,0.159,0.108,0.3556406
Chronos-2 120M (spatiotemporal Gaussian copula),2,AMAT,0.298,0.099,0.091,0.107,0.405,0.2565164
Chronos-2 120M (spatiotemporal Gaussian copula),2,AMP,0.239,0.149,0.156,0.179,0.277,0.247666
Chronos-2 120M (spatiotemporal Gaussian copula),2,AMZN,0.3,0.152,0.116,0.148,0.284,0.2115168
Chronos-2 120M (spatiotemporal Gaussian copula),2,AVB,0.185,0.212,0.184,0.215,0.204,0.2490022
Chronos-2 120M (spatiotemporal Gaussian copula),2,AVY,0.234,0.208,0.179,0.178,0.201,0.2548324
Chronos-2 120M (spatiotemporal Gaussian copula),2,AXP,0.257,0.153,0.143,0.163,0.284,0.10292279999999998
Chronos-2 120M (spatiotemporal Gaussian copula),2,BDX,0.27,0.198,0.181,0.185,0.166,0.0885362
Chronos-2 120M (spatiotemporal Gaussian copula),2,BF-B,0.235,0.236,0.2,0.193,0.136,0.29476060000000004
Chronos-2 120M (spatiotemporal Gaussian copula),2,BMY,0.165,0.222,0.23,0.196,0.187,0.2437304
Chronos-2 120M (spatiotemporal Gaussian copula),2,BR,0.154,0.218,0.235,0.21,0.183,0.1212076
Chronos-2 120M (spatiotemporal Gaussian copula),2,CARR,0.224,0.159,0.134,0.185,0.298,0.26099160000000005
Chronos-2 120M (spatiotemporal Gaussian copula),2,CDW,0.252,0.168,0.17,0.197,0.213,0.1226746
Chronos-2 120M (spatiotemporal Gaussian copula),2,CE,0.234,0.178,0.178,0.179,0.231,0.2327922000000001
Chronos-2 120M (spatiotemporal Gaussian copula),2,CHTR,0.347,0.194,0.145,0.147,0.167,0.15271500000000005
Chronos-2 120M (spatiotemporal Gaussian copula),2,CNC,0.294,0.161,0.129,0.18,0.236,0.10444260000000001
Chronos-2 120M (spatiotemporal Gaussian copula),2,CNP,0.157,0.172,0.224,0.222,0.225,0.0978648
Chronos-2 120M (spatiotemporal Gaussian copula),2,COP,0.22,0.104,0.094,0.138,0.444,0.1378472
Chronos-2 120M (spatiotemporal Gaussian copula),2,CTAS,0.137,0.161,0.179,0.219,0.304,0.09470359999999997
Chronos-2 120M (spatiotemporal Gaussian copula),2,CZR,0.327,0.084,0.075,0.103,0.411,0.2465934
Chronos-2 120M (spatiotemporal Gaussian copula),2,DG,0.278,0.181,0.149,0.19,0.202,0.2588866
Chronos-2 120M (spatiotemporal Gaussian copula),2,DPZ,0.381,0.146,0.126,0.124,0.223,0.15540559999999998
Chronos-2 120M (spatiotemporal Gaussian copula),2,DRE,0.114,0.207,0.218,0.248,0.213,0.1463854
Chronos-2 120M (spatiotemporal Gaussian copula),2,DXC,0.376,0.118,0.079,0.112,0.315,0.1357932
Chronos-2 120M (spatiotemporal Gaussian copula),2,EWA,0.025,0.141,0.271,0.365,0.198,0.2104708
Chronos-2 120M (spatiotemporal Gaussian copula),2,EWC,0.028,0.231,0.355,0.329,0.057,0.140422
Chronos-2 120M (spatiotemporal Gaussian copula),2,EWG,0.227,0.203,0.194,0.2,0.176,0.10975619999999997
Chronos-2 120M (spatiotemporal Gaussian copula),2,EWH,0.25,0.237,0.199,0.181,0.133,0.0831908
Chronos-2 120M (spatiotemporal Gaussian copula),2,EWJ,0.147,0.323,0.324,0.17,0.036,0.06924820000000001
Chronos-2 120M (spatiotemporal Gaussian copula),2,EWL,0.063,0.262,0.337,0.276,0.062,0.04553639999999999
Chronos-2 120M (spatiotemporal Gaussian copula),2,EWQ,0.131,0.224,0.208,0.237,0.2,0.07483100000000002
Chronos-2 120M (spatiotemporal Gaussian copula),2,EWT,0.109,0.233,0.266,0.248,0.144,0.12384899999999995
Chronos-2 120M (spatiotemporal Gaussian copula),2,EWU,0.069,0.244,0.31,0.282,0.095,0.0999768
Chronos-2 120M (spatiotemporal Gaussian copula),2,EWY,0.187,0.238,0.228,0.215,0.132,0.07068539999999998
Chronos-2 120M (spatiotemporal Gaussian copula),2,EWZ,0.154,0.11,0.117,0.163,0.456,0.36970179999999997
Chronos-2 120M (spatiotemporal Gaussian copula),2,FTV,0.235,0.225,0.179,0.193,0.168,0.085074
Chronos-2 120M (spatiotemporal Gaussian copula),2,GOOG,0.175,0.184,0.184,0.21,0.247,0.2722728
Chronos-2 120M (spatiotemporal Gaussian copula),2,GPC,0.2,0.222,0.209,0.219,0.15,0.26774899999999996
Chronos-2 120M (spatiotemporal Gaussian copula),2,GSG,0.25,0.096,0.114,0.134,0.406,0.14933039999999997
Chronos-2 120M (spatiotemporal Gaussian copula),2,HIG,0.238,0.202,0.16,0.187,0.213,0.1311226
Chronos-2 120M (spatiotemporal Gaussian copula),2,HIGH.L,0.143,0.35,0.309,0.162,0.036,0.18159960000000003
Chronos-2 120M (spatiotemporal Gaussian copula),2,HST,0.267,0.144,0.112,0.162,0.315,0.19659280000000004
Chronos-2 120M (spatiotemporal Gaussian copula),2,HYG,0.059,0.443,0.35,0.144,0.004,0.196281
Chronos-2 120M (spatiotemporal Gaussian copula),2,IAU,0.235,0.232,0.164,0.189,0.18,0.26877500000000004
Chronos-2 120M (spatiotemporal Gaussian copula),2,ICLN,0.232,0.131,0.134,0.158,0.345,0.2735254
Chronos-2 120M (spatiotemporal Gaussian copula),2,IEAA.L,0.225,0.324,0.248,0.166,0.037,0.1977208
Chronos-2 120M (spatiotemporal Gaussian copula),2,IEF,0.301,0.269,0.198,0.142,0.09,0.202685
Chronos-2 120M (spatiotemporal Gaussian copula),2,IEFM.L,0.145,0.232,0.202,0.255,0.166,0.10519019999999998
Chronos-2 120M (spatiotemporal Gaussian copula),2,IEMG,0.128,0.248,0.255,0.25,0.119,0.061616399999999995
Chronos-2 120M (spatiotemporal Gaussian copula),2,IEUS,0.121,0.23,0.267,0.241,0.141,0.1203294
Chronos-2 120M (spatiotemporal Gaussian copula),2,IEVL.L,0.149,0.202,0.198,0.251,0.2,0.21736059999999996
Chronos-2 120M (spatiotemporal Gaussian copula),2,IGF,0.013,0.172,0.409,0.331,0.075,0.07857099999999999
Chronos-2 120M (spatiotemporal Gaussian copula),2,INDA,0.11,0.22,0.228,0.238,0.204,0.09479600000000002
Chronos-2 120M (spatiotemporal Gaussian copula),2,IUMO.L,0.174,0.198,0.225,0.198,0.205,0.1258188
Chronos-2 120M (spatiotemporal Gaussian copula),2,IUVL.L,0.169,0.216,0.207,0.238,0.17,0.11123000000000001
Chronos-2 120M (spatiotemporal Gaussian copula),2,IVV,0.014,0.222,0.41,0.333,0.021,0.1419298
Chronos-2 120M (spatiotemporal Gaussian copula),2,IWM,0.144,0.248,0.225,0.249,0.134,0.253409
Chronos-2 120M (spatiotemporal Gaussian copula),2,IXN,0.129,0.221,0.214,0.224,0.212,0.28323620000000005
Chronos-2 120M (spatiotemporal Gaussian copula),2,JPEA.L,0.191,0.278,0.256,0.208,0.067,0.06731119999999999
Chronos-2 120M (spatiotemporal Gaussian copula),2,JPM,0.345,0.199,0.161,0.176,0.119,0.1476294
Chronos-2 120M (spatiotemporal Gaussian copula),2,KR,0.277,0.131,0.124,0.13,0.338,0.1152922
Chronos-2 120M (spatiotemporal Gaussian copula),2,LQD,0.234,0.296,0.232,0.176,0.062,0.07922880000000002
Chronos-2 120M (spatiotemporal Gaussian copula),2,MCHI,0.393,0.149,0.102,0.12,0.236,0.10932899999999998
Chronos-2 120M (spatiotemporal Gaussian copula),2,META,0.356,0.125,0.097,0.123,0.299,0.19031640000000002
Chronos-2 120M (spatiotemporal Gaussian copula),2,MVEU.L,0.105,0.244,0.29,0.243,0.118,0.2638142
Chronos-2 120M (spatiotemporal Gaussian copula),2,OGN,0.282,0.146,0.131,0.156,0.285,0.13648280000000002
Chronos-2 120M (spatiotemporal Gaussian copula),2,PG,0.187,0.246,0.221,0.193,0.153,0.2735166
Chronos-2 120M (spatiotemporal Gaussian copula),2,PPL,0.251,0.207,0.2,0.172,0.17,0.14692579999999997
Chronos-2 120M (spatiotemporal Gaussian copula),2,PRU,0.212,0.146,0.14,0.182,0.32,0.1623024
Chronos-2 120M (spatiotemporal Gaussian copula),2,PYPL,0.421,0.108,0.087,0.107,0.277,0.15625340000000001
Chronos-2 120M (spatiotemporal Gaussian copula),2,RE,0.181,0.173,0.181,0.196,0.269,0.14773260000000002
Chronos-2 120M (spatiotemporal Gaussian copula),2,REET,0.067,0.231,0.334,0.278,0.09,0.047363399999999986
Chronos-2 120M (spatiotemporal Gaussian copula),2,ROL,0.261,0.168,0.16,0.177,0.234,0.13076780000000005
Chronos-2 120M (spatiotemporal Gaussian copula),2,ROST,0.405,0.173,0.122,0.141,0.159,0.3390780000000001
Chronos-2 120M (spatiotemporal Gaussian copula),2,SEGA.L,0.292,0.275,0.201,0.16,0.072,0.20035220000000004
Chronos-2 120M (spatiotemporal Gaussian copula),2,SHY,0.21,0.326,0.25,0.177,0.037,0.37531220000000004
Chronos-2 120M (spatiotemporal Gaussian copula),2,SLV,0.272,0.18,0.153,0.166,0.229,0.09735080000000002
Chronos-2 120M (spatiotemporal Gaussian copula),2,SPMV.L,0.086,0.211,0.276,0.301,0.126,0.08796199999999998
Chronos-2 120M (spatiotemporal Gaussian copula),2,TLT,0.347,0.19,0.133,0.141,0.189,0.09587980000000002
Chronos-2 120M (spatiotemporal Gaussian copula),2,UNH,0.138,0.169,0.201,0.228,0.264,0.1826106
Chronos-2 120M (spatiotemporal Gaussian copula),2,URI,0.206,0.144,0.121,0.141,0.388,0.1790642
Chronos-2 120M (spatiotemporal Gaussian copula),2,V,0.19,0.175,0.158,0.202,0.275,0.09449579999999998
Chronos-2 120M (spatiotemporal Gaussian copula),2,VRSK,0.185,0.19,0.207,0.192,0.226,0.11293
Chronos-2 120M (spatiotemporal Gaussian copula),2,VXX,0.513,0.049,0.035,0.057,0.346,0.2726276
Chronos-2 120M (spatiotemporal Gaussian copula),2,WRK,0.291,0.161,0.14,0.146,0.262,0.23681859999999996
Chronos-2 120M (spatiotemporal Gaussian copula),2,XLB,0.022,0.167,0.301,0.39,0.12,0.058141
Chronos-2 120M (spatiotemporal Gaussian copula),2,XLC,0.155,0.286,0.265,0.211,0.083,0.22396619999999995
Chronos-2 120M (spatiotemporal Gaussian copula),2,XLE,0.176,0.141,0.108,0.171,0.404,0.09506119999999998
Chronos-2 120M (spatiotemporal Gaussian copula),2,XLF,0.185,0.271,0.261,0.19,0.093,0.0837798
Chronos-2 120M (spatiotemporal Gaussian copula),2,XLI,0.069,0.319,0.354,0.22,0.038,0.0446626
Chronos-2 120M (spatiotemporal Gaussian copula),2,XLK,0.126,0.2,0.244,0.233,0.197,0.28837219999999997
Chronos-2 120M (spatiotemporal Gaussian copula),2,XLP,0.057,0.25,0.314,0.295,0.084,0.264439
Chronos-2 120M (spatiotemporal Gaussian copula),2,XLU,0.131,0.254,0.209,0.239,0.167,0.0716222
Chronos-2 120M (spatiotemporal Gaussian copula),2,XLV,0.065,0.265,0.309,0.266,0.095,0.0504942
Chronos-2 120M (spatiotemporal Gaussian copula),2,XLY,0.158,0.212,0.231,0.242,0.157,0.25794279999999997
Chronos-2 120M (spatiotemporal Gaussian copula),2,XOM,0.214,0.136,0.123,0.15,0.377,0.1560308
Chronos-2 120M (spatiotemporal Gaussian copula),3,ABBV,0.221,0.182,0.171,0.175,0.251,0.12074540000000003
Chronos-2 120M (spatiotemporal Gaussian copula),3,ACN,0.142,0.169,0.168,0.231,0.29,0.09448520000000002
Chronos-2 120M (spatiotemporal Gaussian copula),3,AEP,0.148,0.183,0.178,0.229,0.262,0.09183799999999998
Chronos-2 120M (spatiotemporal Gaussian copula),3,AIZ,0.118,0.174,0.224,0.262,0.222,0.1597456
Chronos-2 120M (spatiotemporal Gaussian copula),3,ALLE,0.162,0.17,0.161,0.212,0.295,0.1633084
Chronos-2 120M (spatiotemporal Gaussian copula),3,AMAT,0.281,0.112,0.099,0.121,0.387,0.1702486
Chronos-2 120M (spatiotemporal Gaussian copula),3,AMP,0.214,0.165,0.172,0.21,0.239,0.11003180000000001
Chronos-2 120M (spatiotemporal Gaussian copula),3,AMZN,0.416,0.103,0.112,0.106,0.263,0.1555494
Chronos-2 120M (spatiotemporal Gaussian copula),3,AVB,0.279,0.178,0.174,0.181,0.188,0.19723899999999997
Chronos-2 120M (spatiotemporal Gaussian copula),3,AVY,0.112,0.152,0.156,0.206,0.374,0.36130319999999994
Chronos-2 120M (spatiotemporal Gaussian copula),3,AXP,0.21,0.157,0.16,0.174,0.299,0.26758380000000004
Chronos-2 120M (spatiotemporal Gaussian copula),3,BDX,0.294,0.178,0.165,0.174,0.189,0.15014199999999997
Chronos-2 120M (spatiotemporal Gaussian copula),3,BF-B,0.171,0.22,0.203,0.233,0.173,0.11897739999999997
Chronos-2 120M (spatiotemporal Gaussian copula),3,BMY,0.171,0.199,0.207,0.201,0.222,0.07887079999999999
Chronos-2 120M (spatiotemporal Gaussian copula),3,BR,0.163,0.195,0.194,0.225,0.223,0.0810332
Chronos-2 120M (spatiotemporal Gaussian copula),3,CARR,0.325,0.171,0.145,0.166,0.193,0.1599542
Chronos-2 120M (spatiotemporal Gaussian copula),3,CDW,0.17,0.177,0.145,0.226,0.282,0.0941794
Chronos-2 120M (spatiotemporal Gaussian copula),3,CE,0.126,0.138,0.156,0.212,0.368,0.1322792
Chronos-2 120M (spatiotemporal Gaussian copula),3,CHTR,0.518,0.145,0.109,0.098,0.13,0.41215540000000006
Chronos-2 120M (spatiotemporal Gaussian copula),3,CNC,0.283,0.151,0.142,0.17,0.254,0.1329474
Chronos-2 120M (spatiotemporal Gaussian copula),3,CNP,0.134,0.159,0.211,0.222,0.274,0.1769794
Chronos-2 120M (spatiotemporal Gaussian copula),3,COP,0.248,0.106,0.089,0.139,0.418,0.14435859999999998
Chronos-2 120M (spatiotemporal Gaussian copula),3,CTAS,0.146,0.181,0.185,0.251,0.237,0.08451159999999999
Chronos-2 120M (spatiotemporal Gaussian copula),3,CZR,0.318,0.071,0.077,0.111,0.423,0.26050599999999996
Chronos-2 120M (spatiotemporal Gaussian copula),3,DG,0.21,0.168,0.161,0.183,0.278,0.2601578
Chronos-2 120M (spatiotemporal Gaussian copula),3,DPZ,0.455,0.14,0.103,0.129,0.173,0.3464366
Chronos-2 120M (spatiotemporal Gaussian copula),3,DRE,0.129,0.174,0.18,0.24,0.277,0.16929360000000002
Chronos-2 120M (spatiotemporal Gaussian copula),3,DXC,0.364,0.142,0.092,0.126,0.276,0.25406239999999997
Chronos-2 120M (spatiotemporal Gaussian copula),3,EWA,0.105,0.288,0.318,0.227,0.062,0.05056780000000001
Chronos-2 120M (spatiotemporal Gaussian copula),3,EWC,0.043,0.29,0.381,0.255,0.031,0.039098999999999995
Chronos-2 120M (spatiotemporal Gaussian copula),3,EWG,0.227,0.277,0.219,0.204,0.073,0.1667206
Chronos-2 120M (spatiotemporal Gaussian copula),3,EWH,0.263,0.26,0.214,0.165,0.098,0.1790942
Chronos-2 120M (spatiotemporal Gaussian copula),3,EWJ,0.137,0.336,0.323,0.177,0.027,0.1753686
Chronos-2 120M (spatiotemporal Gaussian copula),3,EWL,0.086,0.297,0.337,0.233,0.047,0.09373880000000001
Chronos-2 120M (spatiotemporal Gaussian copula),3,EWQ,0.125,0.278,0.264,0.238,0.095,0.12638960000000002
Chronos-2 120M (spatiotemporal Gaussian copula),3,EWT,0.176,0.275,0.263,0.213,0.073,0.06430040000000001
Chronos-2 120M (spatiotemporal Gaussian copula),3,EWU,0.053,0.264,0.352,0.258,0.073,0.11123760000000002
Chronos-2 120M (spatiotemporal Gaussian copula),3,EWY,0.168,0.224,0.245,0.219,0.144,0.06687860000000001
Chronos-2 120M (spatiotemporal Gaussian copula),3,EWZ,0.314,0.156,0.129,0.163,0.238,0.2517882
Chronos-2 120M (spatiotemporal Gaussian copula),3,FTV,0.182,0.228,0.225,0.215,0.15,0.2653898
Chronos-2 120M (spatiotemporal Gaussian copula),3,GOOG,0.253,0.17,0.155,0.184,0.238,0.12633319999999998
Chronos-2 120M (spatiotemporal Gaussian copula),3,GPC,0.111,0.161,0.206,0.245,0.277,0.1675036
Chronos-2 120M (spatiotemporal Gaussian copula),3,GSG,0.159,0.127,0.12,0.149,0.445,0.11598760000000001
Chronos-2 120M (spatiotemporal Gaussian copula),3,HIG,0.188,0.185,0.182,0.2,0.245,0.10850459999999999
Chronos-2 120M (spatiotemporal Gaussian copula),3,HIGH.L,0.144,0.356,0.286,0.179,0.035,0.0635514
Chronos-2 120M (spatiotemporal Gaussian copula),3,HST,0.187,0.111,0.097,0.148,0.457,0.13972939999999998
Chronos-2 120M (spatiotemporal Gaussian copula),3,HYG,0.034,0.381,0.347,0.219,0.019,0.15087720000000002
Chronos-2 120M (spatiotemporal Gaussian copula),3,IAU,0.229,0.224,0.176,0.191,0.18,0.10433819999999998
Chronos-2 120M (spatiotemporal Gaussian copula),3,ICLN,0.26,0.142,0.131,0.161,0.306,0.19898580000000002
Chronos-2 120M (spatiotemporal Gaussian copula),3,IEAA.L,0.195,0.296,0.276,0.178,0.055,0.07088399999999999
Chronos-2 120M (spatiotemporal Gaussian copula),3,IEF,0.259,0.254,0.227,0.162,0.098,0.0814908
Chronos-2 120M (spatiotemporal Gaussian copula),3,IEFM.L,0.18,0.254,0.232,0.205,0.129,0.09619060000000001
Chronos-2 120M (spatiotemporal Gaussian copula),3,IEMG,0.153,0.293,0.233,0.231,0.09,0.08829320000000003
Chronos-2 120M (spatiotemporal Gaussian copula),3,IEUS,0.164,0.317,0.282,0.189,0.048,0.063346
Chronos-2 120M (spatiotemporal Gaussian copula),3,IEVL.L,0.123,0.227,0.232,0.243,0.175,0.10139559999999999
Chronos-2 120M (spatiotemporal Gaussian copula),3,IGF,0.018,0.198,0.414,0.312,0.058,0.26624879999999995
Chronos-2 120M (spatiotemporal Gaussian copula),3,INDA,0.104,0.251,0.247,0.248,0.15,0.279949
Chronos-2 120M (spatiotemporal Gaussian copula),3,IUMO.L,0.288,0.225,0.193,0.158,0.136,0.169809
Chronos-2 120M (spatiotemporal Gaussian copula),3,IUVL.L,0.198,0.229,0.225,0.238,0.11,0.07094740000000001
Chronos-2 120M (spatiotemporal Gaussian copula),3,IVV,0.014,0.243,0.395,0.331,0.017,0.037527599999999994
Chronos-2 120M (spatiotemporal Gaussian copula),3,IWM,0.171,0.261,0.245,0.221,0.102,0.06611959999999999
Chronos-2 120M (spatiotemporal Gaussian copula),3,IXN,0.171,0.211,0.197,0.223,0.198,0.125522
Chronos-2 120M (spatiotemporal Gaussian copula),3,JPEA.L,0.224,0.3,0.247,0.179,0.05,0.07593860000000001
Chronos-2 120M (spatiotemporal Gaussian copula),3,JPM,0.323,0.22,0.163,0.166,0.128,0.33159960000000005
Chronos-2 120M (spatiotemporal Gaussian copula),3,KR,0.269,0.144,0.136,0.129,0.322,0.144803
Chronos-2 120M (spatiotemporal Gaussian copula),3,LQD,0.223,0.286,0.247,0.178,0.066,0.17694040000000003
Chronos-2 120M (spatiotemporal Gaussian copula),3,MCHI,0.358,0.139,0.122,0.139,0.242,0.11697959999999999
Chronos-2 120M (spatiotemporal Gaussian copula),3,META,0.369,0.108,0.088,0.111,0.324,0.19317820000000002
Chronos-2 120M (spatiotemporal Gaussian copula),3,MVEU.L,0.114,0.236,0.277,0.252,0.121,0.27225320000000003
Chronos-2 120M (spatiotemporal Gaussian copula),3,OGN,0.301,0.153,0.12,0.167,0.259,0.23505479999999998
Chronos-2 120M (spatiotemporal Gaussian copula),3,PG,0.072,0.154,0.182,0.283,0.309,0.38124100000000005
Chronos-2 120M (spatiotemporal Gaussian copula),3,PPL,0.161,0.151,0.221,0.23,0.237,0.19790460000000004
Chronos-2 120M (spatiotemporal Gaussian copula),3,PRU,0.232,0.164,0.177,0.185,0.242,0.13190659999999998
Chronos-2 120M (spatiotemporal Gaussian copula),3,PYPL,0.501,0.105,0.074,0.089,0.231,0.1119996
Chronos-2 120M (spatiotemporal Gaussian copula),3,RE,0.204,0.183,0.179,0.189,0.245,0.11435320000000002
Chronos-2 120M (spatiotemporal Gaussian copula),3,REET,0.048,0.214,0.324,0.314,0.1,0.32646879999999995
Chronos-2 120M (spatiotemporal Gaussian copula),3,ROL,0.286,0.169,0.162,0.181,0.202,0.2612628
Chronos-2 120M (spatiotemporal Gaussian copula),3,ROST,0.21,0.146,0.125,0.158,0.361,0.2877036
Chronos-2 120M (spatiotemporal Gaussian copula),3,SEGA.L,0.271,0.277,0.189,0.186,0.077,0.0897686
Chronos-2 120M (spatiotemporal Gaussian copula),3,SHY,0.154,0.301,0.26,0.218,0.067,0.063291
Chronos-2 120M (spatiotemporal Gaussian copula),3,SLV,0.336,0.181,0.16,0.154,0.169,0.16141499999999998
Chronos-2 120M (spatiotemporal Gaussian copula),3,SPMV.L,0.114,0.218,0.268,0.277,0.123,0.12686979999999998
Chronos-2 120M (spatiotemporal Gaussian copula),3,TLT,0.372,0.193,0.14,0.136,0.159,0.087983
Chronos-2 120M (spatiotemporal Gaussian copula),3,UNH,0.12,0.152,0.178,0.25,0.3,0.1873768
Chronos-2 120M (spatiotemporal Gaussian copula),3,URI,0.227,0.13,0.122,0.137,0.384,0.285975
Chronos-2 120M (spatiotemporal Gaussian copula),3,V,0.188,0.153,0.155,0.215,0.289,0.1614324
Chronos-2 120M (spatiotemporal Gaussian copula),3,VRSK,0.197,0.186,0.179,0.214,0.224,0.25350359999999994
Chronos-2 120M (spatiotemporal Gaussian copula),3,VXX,0.483,0.05,0.049,0.052,0.366,0.1588116
Chronos-2 120M (spatiotemporal Gaussian copula),3,WRK,0.188,0.133,0.143,0.151,0.385,0.18638120000000002
Chronos-2 120M (spatiotemporal Gaussian copula),3,XLB,0.032,0.185,0.323,0.372,0.088,0.06949140000000001
Chronos-2 120M (spatiotemporal Gaussian copula),3,XLC,0.205,0.276,0.214,0.199,0.106,0.0755294
Chronos-2 120M (spatiotemporal Gaussian copula),3,XLE,0.187,0.145,0.115,0.168,0.385,0.14464539999999998
Chronos-2 120M (spatiotemporal Gaussian copula),3,XLF,0.162,0.281,0.275,0.2,0.082,0.14894820000000003
Chronos-2 120M (spatiotemporal Gaussian copula),3,XLI,0.044,0.293,0.375,0.259,0.029,0.039858
Chronos-2 120M (spatiotemporal Gaussian copula),3,XLK,0.148,0.196,0.214,0.221,0.221,0.13928900000000002
Chronos-2 120M (spatiotemporal Gaussian copula),3,XLP,0.032,0.177,0.293,0.349,0.149,0.366582
Chronos-2 120M (spatiotemporal Gaussian copula),3,XLU,0.114,0.249,0.207,0.256,0.174,0.2303882
Chronos-2 120M (spatiotemporal Gaussian copula),3,XLV,0.104,0.266,0.279,0.259,0.092,0.1154762
Chronos-2 120M (spatiotemporal Gaussian copula),3,XLY,0.23,0.202,0.202,0.223,0.143,0.21398579999999998
Chronos-2 120M (spatiotemporal Gaussian copula),3,XOM,0.187,0.135,0.109,0.159,0.41,0.13450279999999998
Chronos-2 120M (spatiotemporal Gaussian copula),4,ABBV,0.187,0.197,0.176,0.192,0.248,0.21230580000000004
Chronos-2 120M (spatiotemporal Gaussian copula),4,ACN,0.165,0.187,0.188,0.24,0.22,0.2102258
Chronos-2 120M (spatiotemporal Gaussian copula),4,AEP,0.166,0.192,0.17,0.234,0.238,0.1438296
Chronos-2 120M (spatiotemporal Gaussian copula),4,AIZ,0.161,0.183,0.205,0.236,0.215,0.0787766
Chronos-2 120M (spatiotemporal Gaussian copula),4,ALLE,0.281,0.19,0.164,0.192,0.173,0.19199119999999997
Chronos-2 120M (spatiotemporal Gaussian copula),4,AMAT,0.292,0.108,0.103,0.108,0.389,0.2519188
Chronos-2 120M (spatiotemporal Gaussian copula),4,AMP,0.193,0.156,0.176,0.204,0.271,0.27482320000000005
Chronos-2 120M (spatiotemporal Gaussian copula),4,AMZN,0.386,0.123,0.124,0.122,0.245,0.2757582
Chronos-2 120M (spatiotemporal Gaussian copula),4,AVB,0.214,0.197,0.182,0.209,0.198,0.11951400000000001
Chronos-2 120M (spatiotemporal Gaussian copula),4,AVY,0.239,0.209,0.151,0.182,0.219,0.1329174
Chronos-2 120M (spatiotemporal Gaussian copula),4,AXP,0.272,0.17,0.151,0.165,0.242,0.21311219999999995
Chronos-2 120M (spatiotemporal Gaussian copula),4,BDX,0.213,0.171,0.163,0.187,0.266,0.206158
Chronos-2 120M (spatiotemporal Gaussian copula),4,BF-B,0.202,0.203,0.198,0.214,0.183,0.24718539999999994
Chronos-2 120M (spatiotemporal Gaussian copula),4,BMY,0.22,0.193,0.203,0.18,0.204,0.24640820000000002
Chronos-2 120M (spatiotemporal Gaussian copula),4,BR,0.165,0.229,0.215,0.201,0.19,0.24188840000000003
Chronos-2 120M (spatiotemporal Gaussian copula),4,CARR,0.236,0.16,0.141,0.164,0.299,0.1448564
Chronos-2 120M (spatiotemporal Gaussian copula),4,CDW,0.207,0.198,0.165,0.217,0.213,0.11542860000000002
Chronos-2 120M (spatiotemporal Gaussian copula),4,CE,0.155,0.146,0.168,0.196,0.335,0.3193624
Chronos-2 120M (spatiotemporal Gaussian copula),4,CHTR,0.307,0.156,0.144,0.143,0.25,0.11991339999999999
Chronos-2 120M (spatiotemporal Gaussian copula),4,CNC,0.264,0.125,0.13,0.158,0.323,0.1897414
Chronos-2 120M (spatiotemporal Gaussian copula),4,CNP,0.107,0.149,0.217,0.244,0.283,0.3417606
Chronos-2 120M (spatiotemporal Gaussian copula),4,COP,0.203,0.106,0.09,0.118,0.483,0.341436
Chronos-2 120M (spatiotemporal Gaussian copula),4,CTAS,0.196,0.204,0.188,0.22,0.192,0.11620480000000004
Chronos-2 120M (spatiotemporal Gaussian copula),4,CZR,0.381,0.085,0.065,0.091,0.378,0.20623240000000004
Chronos-2 120M (spatiotemporal Gaussian copula),4,DG,0.32,0.133,0.099,0.138,0.31,0.2176826
Chronos-2 120M (spatiotemporal Gaussian copula),4,DPZ,0.339,0.156,0.123,0.129,0.253,0.2599758
Chronos-2 120M (spatiotemporal Gaussian copula),4,DRE,0.151,0.19,0.18,0.212,0.267,0.18956239999999994
Chronos-2 120M (spatiotemporal Gaussian copula),4,DXC,0.256,0.13,0.091,0.136,0.387,0.17316600000000001
Chronos-2 120M (spatiotemporal Gaussian copula),4,EWA,0.09,0.254,0.324,0.259,0.073,0.27479780000000004
Chronos-2 120M (spatiotemporal Gaussian copula),4,EWC,0.026,0.239,0.357,0.325,0.053,0.1373188
Chronos-2 120M (spatiotemporal Gaussian copula),4,EWG,0.167,0.288,0.249,0.222,0.074,0.08360120000000001
Chronos-2 120M (spatiotemporal Gaussian copula),4,EWH,0.235,0.263,0.213,0.182,0.107,0.3212398
Chronos-2 120M (spatiotemporal Gaussian copula),4,EWJ,0.144,0.31,0.323,0.185,0.038,0.055605
Chronos-2 120M (spatiotemporal Gaussian copula),4,EWL,0.073,0.277,0.326,0.265,0.059,0.04725719999999999
Chronos-2 120M (spatiotemporal Gaussian copula),4,EWQ,0.082,0.262,0.321,0.257,0.078,0.0486738
Chronos-2 120M (spatiotemporal Gaussian copula),4,EWT,0.134,0.232,0.248,0.249,0.137,0.0639354
Chronos-2 120M (spatiotemporal Gaussian copula),4,EWU,0.059,0.238,0.328,0.291,0.084,0.0478742
Chronos-2 120M (spatiotemporal Gaussian copula),4,EWY,0.202,0.218,0.239,0.211,0.13,0.221277
Chronos-2 120M (spatiotemporal Gaussian copula),4,EWZ,0.242,0.148,0.136,0.163,0.311,0.25361219999999995
Chronos-2 120M (spatiotemporal Gaussian copula),4,FTV,0.205,0.237,0.21,0.203,0.145,0.09910360000000003
Chronos-2 120M (spatiotemporal Gaussian copula),4,GOOG,0.27,0.173,0.167,0.175,0.215,0.25149479999999996
Chronos-2 120M (spatiotemporal Gaussian copula),4,GPC,0.146,0.198,0.179,0.244,0.233,0.20029399999999997
Chronos-2 120M (spatiotemporal Gaussian copula),4,GSG,0.109,0.124,0.128,0.186,0.453,0.13594
Chronos-2 120M (spatiotemporal Gaussian copula),4,HIG,0.238,0.196,0.181,0.191,0.194,0.11257220000000001
Chronos-2 120M (spatiotemporal Gaussian copula),4,HIGH.L,0.127,0.307,0.303,0.215,0.048,0.05519160000000001
Chronos-2 120M (spatiotemporal Gaussian copula),4,HST,0.357,0.143,0.1,0.144,0.256,0.177797
Chronos-2 120M (spatiotemporal Gaussian copula),4,HYG,0.052,0.346,0.349,0.228,0.025,0.045148400000000005
Chronos-2 120M (spatiotemporal Gaussian copula),4,IAU,0.229,0.195,0.179,0.191,0.206,0.24525240000000004
Chronos-2 120M (spatiotemporal Gaussian copula),4,ICLN,0.182,0.127,0.105,0.162,0.424,0.0959554
Chronos-2 120M (spatiotemporal Gaussian copula),4,IEAA.L,0.204,0.278,0.263,0.194,0.061,0.1665372
Chronos-2 120M (spatiotemporal Gaussian copula),4,IEF,0.257,0.242,0.215,0.173,0.113,0.167523
Chronos-2 120M (spatiotemporal Gaussian copula),4,IEFM.L,0.151,0.246,0.209,0.244,0.15,0.11402920000000001
Chronos-2 120M (spatiotemporal Gaussian copula),4,IEMG,0.167,0.293,0.235,0.222,0.083,0.14588059999999997
Chronos-2 120M (spatiotemporal Gaussian copula),4,IEUS,0.108,0.26,0.31,0.245,0.077,0.10414019999999999
Chronos-2 120M (spatiotemporal Gaussian copula),4,IEVL.L,0.102,0.201,0.243,0.257,0.197,0.14822760000000001
Chronos-2 120M (spatiotemporal Gaussian copula),4,IGF,0.017,0.205,0.426,0.312,0.04,0.14621540000000005
Chronos-2 120M (spatiotemporal Gaussian copula),4,INDA,0.096,0.252,0.266,0.244,0.142,0.10549599999999999
Chronos-2 120M (spatiotemporal Gaussian copula),4,IUMO.L,0.222,0.195,0.199,0.209,0.175,0.08025079999999998
Chronos-2 120M (spatiotemporal Gaussian copula),4,IUVL.L,0.146,0.205,0.211,0.224,0.214,0.13603140000000002
Chronos-2 120M (spatiotemporal Gaussian copula),4,IVV,0.05,0.331,0.388,0.223,0.008,0.0402172
Chronos-2 120M (spatiotemporal Gaussian copula),4,IWM,0.179,0.252,0.237,0.224,0.108,0.06793800000000001
Chronos-2 120M (spatiotemporal Gaussian copula),4,IXN,0.24,0.23,0.197,0.197,0.136,0.08157699999999998
Chronos-2 120M (spatiotemporal Gaussian copula),4,JPEA.L,0.144,0.28,0.267,0.229,0.08,0.06047860000000001
Chronos-2 120M (spatiotemporal Gaussian copula),4,JPM,0.225,0.208,0.158,0.204,0.205,0.226284
Chronos-2 120M (spatiotemporal Gaussian copula),4,KR,0.259,0.127,0.118,0.135,0.361,0.1640828
Chronos-2 120M (spatiotemporal Gaussian copula),4,LQD,0.228,0.256,0.24,0.193,0.083,0.16346100000000002
Chronos-2 120M (spatiotemporal Gaussian copula),4,MCHI,0.314,0.153,0.117,0.145,0.271,0.23783639999999995
Chronos-2 120M (spatiotemporal Gaussian copula),4,META,0.378,0.128,0.088,0.115,0.291,0.1760874
Chronos-2 120M (spatiotemporal Gaussian copula),4,MVEU.L,0.111,0.23,0.279,0.251,0.129,0.05792859999999998
Chronos-2 120M (spatiotemporal Gaussian copula),4,OGN,0.198,0.109,0.115,0.161,0.417,0.20548520000000003
Chronos-2 120M (spatiotemporal Gaussian copula),4,PG,0.156,0.211,0.207,0.239,0.187,0.104694
Chronos-2 120M (spatiotemporal Gaussian copula),4,PPL,0.141,0.181,0.232,0.237,0.209,0.14443240000000004
Chronos-2 120M (spatiotemporal Gaussian copula),4,PRU,0.195,0.166,0.194,0.18,0.265,0.14291920000000002
Chronos-2 120M (spatiotemporal Gaussian copula),4,PYPL,0.427,0.106,0.092,0.113,0.262,0.1219374
Chronos-2 120M (spatiotemporal Gaussian copula),4,RE,0.21,0.217,0.181,0.193,0.199,0.24753879999999998
Chronos-2 120M (spatiotemporal Gaussian copula),4,REET,0.076,0.294,0.333,0.237,0.06,0.04689699999999999
Chronos-2 120M (spatiotemporal Gaussian copula),4,ROL,0.19,0.154,0.154,0.193,0.309,0.0995842
Chronos-2 120M (spatiotemporal Gaussian copula),4,ROST,0.375,0.118,0.097,0.128,0.282,0.17905960000000004
Chronos-2 120M (spatiotemporal Gaussian copula),4,SEGA.L,0.261,0.242,0.197,0.186,0.114,0.16482519999999998
Chronos-2 120M (spatiotemporal Gaussian copula),4,SHY,0.192,0.271,0.248,0.22,0.069,0.3247030000000001
Chronos-2 120M (spatiotemporal Gaussian copula),4,SLV,0.323,0.155,0.141,0.162,0.219,0.152787
Chronos-2 120M (spatiotemporal Gaussian copula),4,SPMV.L,0.116,0.224,0.255,0.285,0.12,0.0994962
Chronos-2 120M (spatiotemporal Gaussian copula),4,TLT,0.332,0.185,0.14,0.155,0.188,0.10610119999999998
Chronos-2 120M (spatiotemporal Gaussian copula),4,UNH,0.146,0.182,0.197,0.222,0.253,0.19250679999999995
Chronos-2 120M (spatiotemporal Gaussian copula),4,URI,0.29,0.142,0.116,0.128,0.324,0.2272008
Chronos-2 120M (spatiotemporal Gaussian copula),4,V,0.277,0.211,0.158,0.182,0.172,0.15235459999999998
Chronos-2 120M (spatiotemporal Gaussian copula),4,VRSK,0.268,0.194,0.182,0.18,0.176,0.14619600000000002
Chronos-2 120M (spatiotemporal Gaussian copula),4,VXX,0.556,0.054,0.034,0.061,0.295,0.3185994000000001
Chronos-2 120M (spatiotemporal Gaussian copula),4,WRK,0.264,0.149,0.126,0.134,0.327,0.24114299999999997
Chronos-2 120M (spatiotemporal Gaussian copula),4,XLB,0.039,0.205,0.321,0.349,0.086,0.3383356
Chronos-2 120M (spatiotemporal Gaussian copula),4,XLC,0.239,0.288,0.23,0.159,0.084,0.08019099999999998
Chronos-2 120M (spatiotemporal Gaussian copula),4,XLE,0.184,0.13,0.118,0.157,0.411,0.32559940000000004
Chronos-2 120M (spatiotemporal Gaussian copula),4,XLF,0.106,0.248,0.28,0.246,0.12,0.1153816
Chronos-2 120M (spatiotemporal Gaussian copula),4,XLI,0.041,0.278,0.383,0.267,0.031,0.038641400000000006
Chronos-2 120M (spatiotemporal Gaussian copula),4,XLK,0.225,0.241,0.2,0.197,0.137,0.07962119999999999
Chronos-2 120M (spatiotemporal Gaussian copula),4,XLP,0.072,0.215,0.294,0.305,0.114,0.08762199999999999
Chronos-2 120M (spatiotemporal Gaussian copula),4,XLU,0.116,0.235,0.213,0.261,0.175,0.13107560000000001
Chronos-2 120M (spatiotemporal Gaussian copula),4,XLV,0.066,0.256,0.285,0.286,0.107,0.0975876
Chronos-2 120M (spatiotemporal Gaussian copula),4,XLY,0.281,0.214,0.16,0.197,0.148,0.154983
Chronos-2 120M (spatiotemporal Gaussian copula),4,XOM,0.193,0.132,0.116,0.16,0.399,0.31571119999999997
Chronos-2 120M (spatiotemporal Gaussian copula),5,ABBV,0.189,0.209,0.172,0.193,0.237,0.12783879999999997
Chronos-2 120M (spatiotemporal Gaussian copula),5,ACN,0.163,0.188,0.168,0.245,0.236,0.2817654
Chronos-2 120M (spatiotemporal Gaussian copula),5,AEP,0.204,0.213,0.181,0.197,0.205,0.0838268
Chronos-2 120M (spatiotemporal Gaussian copula),5,AIZ,0.161,0.177,0.213,0.235,0.214,0.14231240000000003
Chronos-2 120M (spatiotemporal Gaussian copula),5,ALLE,0.277,0.201,0.175,0.186,0.161,0.15150860000000002
Chronos-2 120M (spatiotemporal Gaussian copula),5,AMAT,0.304,0.121,0.102,0.115,0.358,0.1925868
Chronos-2 120M (spatiotemporal Gaussian copula),5,AMP,0.184,0.161,0.17,0.219,0.266,0.1537724
Chronos-2 120M (spatiotemporal Gaussian copula),5,AMZN,0.397,0.131,0.112,0.123,0.237,0.2856324
Chronos-2 120M (spatiotemporal Gaussian copula),5,AVB,0.179,0.195,0.177,0.206,0.243,0.1069134
Chronos-2 120M (spatiotemporal Gaussian copula),5,AVY,0.171,0.183,0.176,0.185,0.285,0.18933640000000004
Chronos-2 120M (spatiotemporal Gaussian copula),5,AXP,0.234,0.145,0.137,0.188,0.296,0.1920538
Chronos-2 120M (spatiotemporal Gaussian copula),5,BDX,0.272,0.186,0.175,0.183,0.184,0.19845859999999999
Chronos-2 120M (spatiotemporal Gaussian copula),5,BF-B,0.17,0.2,0.188,0.211,0.231,0.134905
Chronos-2 120M (spatiotemporal Gaussian copula),5,BMY,0.179,0.223,0.218,0.183,0.197,0.24297080000000001
Chronos-2 120M (spatiotemporal Gaussian copula),5,BR,0.169,0.225,0.193,0.216,0.197,0.23463499999999998
Chronos-2 120M (spatiotemporal Gaussian copula),5,CARR,0.198,0.164,0.144,0.187,0.307,0.1813066
Chronos-2 120M (spatiotemporal Gaussian copula),5,CDW,0.167,0.191,0.153,0.237,0.252,0.0961356
Chronos-2 120M (spatiotemporal Gaussian copula),5,CE,0.135,0.135,0.154,0.191,0.385,0.3522252
Chronos-2 120M (spatiotemporal Gaussian copula),5,CHTR,0.377,0.152,0.14,0.119,0.212,0.298095
Chronos-2 120M (spatiotemporal Gaussian copula),5,CNC,0.302,0.146,0.135,0.161,0.256,0.2370666
Chronos-2 120M (spatiotemporal Gaussian copula),5,CNP,0.152,0.166,0.217,0.217,0.248,0.0943914
Chronos-2 120M (spatiotemporal Gaussian copula),5,COP,0.283,0.094,0.084,0.115,0.424,0.18770299999999995
Chronos-2 120M (spatiotemporal Gaussian copula),5,CTAS,0.17,0.2,0.199,0.231,0.2,0.22591219999999995
Chronos-2 120M (spatiotemporal Gaussian copula),5,CZR,0.37,0.075,0.075,0.094,0.386,0.2168642
Chronos-2 120M (spatiotemporal Gaussian copula),5,DG,0.215,0.15,0.133,0.183,0.319,0.106643
Chronos-2 120M (spatiotemporal Gaussian copula),5,DPZ,0.31,0.171,0.127,0.14,0.252,0.1089258
Chronos-2 120M (spatiotemporal Gaussian copula),5,DRE,0.132,0.16,0.178,0.198,0.332,0.08676240000000002
Chronos-2 120M (spatiotemporal Gaussian copula),5,DXC,0.272,0.135,0.1,0.124,0.369,0.25216859999999997
Chronos-2 120M (spatiotemporal Gaussian copula),5,EWA,0.087,0.24,0.317,0.269,0.087,0.04976060000000001
Chronos-2 120M (spatiotemporal Gaussian copula),5,EWC,0.035,0.251,0.341,0.309,0.064,0.1308492
Chronos-2 120M (spatiotemporal Gaussian copula),5,EWG,0.194,0.306,0.228,0.208,0.064,0.19554320000000003
Chronos-2 120M (spatiotemporal Gaussian copula),5,EWH,0.175,0.283,0.236,0.2,0.106,0.08585220000000002
Chronos-2 120M (spatiotemporal Gaussian copula),5,EWJ,0.112,0.295,0.327,0.22,0.046,0.14381300000000002
Chronos-2 120M (spatiotemporal Gaussian copula),5,EWL,0.07,0.266,0.322,0.272,0.07,0.047931999999999995
Chronos-2 120M (spatiotemporal Gaussian copula),5,EWQ,0.101,0.268,0.293,0.266,0.072,0.105558
Chronos-2 120M (spatiotemporal Gaussian copula),5,EWT,0.123,0.228,0.243,0.258,0.148,0.27541399999999994
Chronos-2 120M (spatiotemporal Gaussian copula),5,EWU,0.093,0.244,0.336,0.25,0.077,0.1122152
Chronos-2 120M (spatiotemporal Gaussian copula),5,EWY,0.179,0.223,0.236,0.213,0.149,0.108578
Chronos-2 120M (spatiotemporal Gaussian copula),5,EWZ,0.329,0.169,0.143,0.162,0.197,0.173987
Chronos-2 120M (spatiotemporal Gaussian copula),5,FTV,0.172,0.236,0.228,0.209,0.155,0.12491379999999999
Chronos-2 120M (spatiotemporal Gaussian copula),5,GOOG,0.23,0.169,0.157,0.192,0.252,0.24294819999999998
Chronos-2 120M (spatiotemporal Gaussian copula),5,GPC,0.134,0.193,0.186,0.255,0.232,0.19557560000000002
Chronos-2 120M (spatiotemporal Gaussian copula),5,GSG,0.231,0.124,0.119,0.163,0.363,0.28316620000000003
Chronos-2 120M (spatiotemporal Gaussian copula),5,HIG,0.174,0.165,0.159,0.203,0.299,0.29212040000000006
Chronos-2 120M (spatiotemporal Gaussian copula),5,HIGH.L,0.132,0.315,0.296,0.203,0.054,0.1544396
Chronos-2 120M (spatiotemporal Gaussian copula),5,HST,0.26,0.115,0.107,0.122,0.396,0.16107299999999997
Chronos-2 120M (spatiotemporal Gaussian copula),5,HYG,0.069,0.385,0.322,0.195,0.029,0.1627788
Chronos-2 120M (spatiotemporal Gaussian copula),5,IAU,0.218,0.216,0.182,0.18,0.204,0.22419039999999998
Chronos-2 120M (spatiotemporal Gaussian copula),5,ICLN,0.276,0.137,0.147,0.16,0.28,0.10374899999999998
Chronos-2 120M (spatiotemporal Gaussian copula),5,IEAA.L,0.229,0.282,0.241,0.184,0.064,0.35103239999999997
Chronos-2 120M (spatiotemporal Gaussian copula),5,IEF,0.283,0.238,0.197,0.162,0.12,0.17629079999999994
Chronos-2 120M (spatiotemporal Gaussian copula),5,IEFM.L,0.13,0.229,0.241,0.239,0.161,0.06634040000000001
Chronos-2 120M (spatiotemporal Gaussian copula),5,IEMG,0.147,0.283,0.246,0.237,0.087,0.23301080000000002
Chronos-2 120M (spatiotemporal Gaussian copula),5,IEUS,0.113,0.256,0.301,0.245,0.085,0.105411
Chronos-2 120M (spatiotemporal Gaussian copula),5,IEVL.L,0.118,0.21,0.249,0.251,0.172,0.1348042
Chronos-2 120M (spatiotemporal Gaussian copula),5,IGF,0.021,0.234,0.417,0.291,0.037,0.13288380000000002
Chronos-2 120M (spatiotemporal Gaussian copula),5,INDA,0.088,0.228,0.277,0.262,0.145,0.09605480000000001
Chronos-2 120M (spatiotemporal Gaussian copula),5,IUMO.L,0.239,0.222,0.202,0.193,0.144,0.08078939999999998
Chronos-2 120M (spatiotemporal Gaussian copula),5,IUVL.L,0.12,0.206,0.183,0.252,0.239,0.08377560000000002
Chronos-2 120M (spatiotemporal Gaussian copula),5,IVV,0.062,0.306,0.361,0.259,0.012,0.0425706
Chronos-2 120M (spatiotemporal Gaussian copula),5,IWM,0.148,0.269,0.247,0.237,0.099,0.129298
Chronos-2 120M (spatiotemporal Gaussian copula),5,IXN,0.223,0.222,0.205,0.196,0.154,0.138794
Chronos-2 120M (spatiotemporal Gaussian copula),5,JPEA.L,0.187,0.309,0.257,0.19,0.057,0.0706486
Chronos-2 120M (spatiotemporal Gaussian copula),5,JPM,0.196,0.212,0.18,0.197,0.215,0.12096979999999997
Chronos-2 120M (spatiotemporal Gaussian copula),5,KR,0.273,0.129,0.132,0.134,0.332,0.24270259999999994
Chronos-2 120M (spatiotemporal Gaussian copula),5,LQD,0.253,0.276,0.219,0.174,0.078,0.18188759999999998
Chronos-2 120M (spatiotemporal Gaussian copula),5,MCHI,0.377,0.161,0.119,0.129,0.214,0.15300359999999996
Chronos-2 120M (spatiotemporal Gaussian copula),5,META,0.421,0.126,0.08,0.107,0.266,0.11846700000000003
Chronos-2 120M (spatiotemporal Gaussian copula),5,MVEU.L,0.09,0.234,0.273,0.25,0.153,0.0985788
Chronos-2 120M (spatiotemporal Gaussian copula),5,OGN,0.261,0.143,0.145,0.146,0.305,0.23955259999999998
Chronos-2 120M (spatiotemporal Gaussian copula),5,PG,0.196,0.184,0.21,0.209,0.201,0.07826340000000001
Chronos-2 120M (spatiotemporal Gaussian copula),5,PPL,0.211,0.19,0.219,0.198,0.182,0.0765692
Chronos-2 120M (spatiotemporal Gaussian copula),5,PRU,0.173,0.156,0.192,0.183,0.296,0.15944540000000001
Chronos-2 120M (spatiotemporal Gaussian copula),5,PYPL,0.441,0.108,0.099,0.102,0.25,0.2956572
Chronos-2 120M (spatiotemporal Gaussian copula),5,RE,0.176,0.217,0.184,0.209,0.214,0.25443000000000005
Chronos-2 120M (spatiotemporal Gaussian copula),5,REET,0.066,0.251,0.311,0.292,0.08,0.049925800000000006
Chronos-2 120M (spatiotemporal Gaussian copula),5,ROL,0.218,0.176,0.166,0.197,0.243,0.11508179999999998
Chronos-2 120M (spatiotemporal Gaussian copula),5,ROST,0.28,0.133,0.121,0.149,0.317,0.20012280000000002
Chronos-2 120M (spatiotemporal Gaussian copula),5,SEGA.L,0.303,0.236,0.188,0.17,0.103,0.18429359999999995
Chronos-2 120M (spatiotemporal Gaussian copula),5,SHY,0.201,0.275,0.232,0.203,0.089,0.0720324
Chronos-2 120M (spatiotemporal Gaussian copula),5,SLV,0.314,0.161,0.144,0.17,0.211,0.18718059999999997
Chronos-2 120M (spatiotemporal Gaussian copula),5,SPMV.L,0.114,0.206,0.254,0.274,0.152,0.09359520000000002
Chronos-2 120M (spatiotemporal Gaussian copula),5,TLT,0.389,0.188,0.12,0.144,0.159,0.335468
Chronos-2 120M (spatiotemporal Gaussian copula),5,UNH,0.142,0.192,0.188,0.225,0.253,0.1924426
Chronos-2 120M (spatiotemporal Gaussian copula),5,URI,0.248,0.142,0.121,0.14,0.349,0.1797052
Chronos-2 120M (spatiotemporal Gaussian copula),5,V,0.225,0.181,0.177,0.189,0.228,0.23026680000000002
Chronos-2 120M (spatiotemporal Gaussian copula),5,VRSK,0.235,0.195,0.19,0.194,0.186,0.2574242
Chronos-2 120M (spatiotemporal Gaussian copula),5,VXX,0.584,0.054,0.049,0.055,0.258,0.0937266
Chronos-2 120M (spatiotemporal Gaussian copula),5,WRK,0.263,0.13,0.137,0.14,0.33,0.1106836
Chronos-2 120M (spatiotemporal Gaussian copula),5,XLB,0.038,0.177,0.304,0.345,0.136,0.17350519999999997
Chronos-2 120M (spatiotemporal Gaussian copula),5,XLC,0.219,0.273,0.234,0.174,0.1,0.0782202
Chronos-2 120M (spatiotemporal Gaussian copula),5,XLE,0.228,0.125,0.114,0.147,0.386,0.18073560000000002
Chronos-2 120M (spatiotemporal Gaussian copula),5,XLF,0.074,0.252,0.304,0.259,0.111,0.052194599999999994
Chronos-2 120M (spatiotemporal Gaussian copula),5,XLI,0.013,0.195,0.38,0.362,0.05,0.07833540000000003
Chronos-2 120M (spatiotemporal Gaussian copula),5,XLK,0.202,0.24,0.196,0.201,0.161,0.1338266
Chronos-2 120M (spatiotemporal Gaussian copula),5,XLP,0.083,0.229,0.292,0.27,0.126,0.055385000000000004
Chronos-2 120M (spatiotemporal Gaussian copula),5,XLU,0.106,0.238,0.216,0.256,0.184,0.0714056
Chronos-2 120M (spatiotemporal Gaussian copula),5,XLV,0.08,0.264,0.279,0.277,0.1,0.055373000000000006
Chronos-2 120M (spatiotemporal Gaussian copula),5,XLY,0.24,0.196,0.177,0.189,0.198,0.2533338
Chronos-2 120M (spatiotemporal Gaussian copula),5,XOM,0.229,0.136,0.109,0.151,0.375,0.1205934
Chronos-2 120M (spatiotemporal Gaussian copula),6,ABBV,0.157,0.196,0.196,0.207,0.244,0.278439
Chronos-2 120M (spatiotemporal Gaussian copula),6,ACN,0.144,0.183,0.188,0.244,0.241,0.09019419999999997
Chronos-2 120M (spatiotemporal Gaussian copula),6,AEP,0.223,0.201,0.175,0.188,0.213,0.24153499999999997
Chronos-2 120M (spatiotemporal Gaussian copula),6,AIZ,0.227,0.218,0.207,0.204,0.144,0.10027879999999997
Chronos-2 120M (spatiotemporal Gaussian copula),6,ALLE,0.256,0.213,0.175,0.194,0.162,0.10009540000000001
Chronos-2 120M (spatiotemporal Gaussian copula),6,AMAT,0.285,0.106,0.095,0.115,0.399,0.1751006
Chronos-2 120M (spatiotemporal Gaussian copula),6,AMP,0.172,0.175,0.166,0.226,0.261,0.1918566
Chronos-2 120M (spatiotemporal Gaussian copula),6,AMZN,0.353,0.115,0.1,0.118,0.314,0.22737059999999998
Chronos-2 120M (spatiotemporal Gaussian copula),6,AVB,0.212,0.209,0.184,0.211,0.184,0.12441319999999997
Chronos-2 120M (spatiotemporal Gaussian copula),6,AVY,0.178,0.165,0.17,0.18,0.307,0.17855020000000002
Chronos-2 120M (spatiotemporal Gaussian copula),6,AXP,0.209,0.146,0.138,0.193,0.314,0.1050702
Chronos-2 120M (spatiotemporal Gaussian copula),6,BDX,0.298,0.181,0.169,0.169,0.183,0.15432759999999998
Chronos-2 120M (spatiotemporal Gaussian copula),6,BF-B,0.194,0.218,0.197,0.214,0.177,0.12191800000000001
Chronos-2 120M (spatiotemporal Gaussian copula),6,BMY,0.215,0.24,0.2,0.18,0.165,0.0799
Chronos-2 120M (spatiotemporal Gaussian copula),6,BR,0.151,0.199,0.19,0.228,0.232,0.20534499999999997
Chronos-2 120M (spatiotemporal Gaussian copula),6,CARR,0.172,0.169,0.13,0.188,0.341,0.1603974
Chronos-2 120M (spatiotemporal Gaussian copula),6,CDW,0.203,0.197,0.166,0.214,0.22,0.22599300000000003
Chronos-2 120M (spatiotemporal Gaussian copula),6,CE,0.212,0.179,0.148,0.195,0.266,0.13982039999999998
Chronos-2 120M (spatiotemporal Gaussian copula),6,CHTR,0.343,0.144,0.15,0.132,0.231,0.17598960000000002
Chronos-2 120M (spatiotemporal Gaussian copula),6,CNC,0.298,0.143,0.139,0.153,0.267,0.1381948
Chronos-2 120M (spatiotemporal Gaussian copula),6,CNP,0.146,0.174,0.229,0.212,0.239,0.20084759999999996
Chronos-2 120M (spatiotemporal Gaussian copula),6,COP,0.221,0.112,0.1,0.106,0.461,0.12754800000000002
Chronos-2 120M (spatiotemporal Gaussian copula),6,CTAS,0.156,0.2,0.192,0.249,0.203,0.21731700000000004
Chronos-2 120M (spatiotemporal Gaussian copula),6,CZR,0.405,0.071,0.065,0.088,0.371,0.16418460000000004
Chronos-2 120M (spatiotemporal Gaussian copula),6,DG,0.237,0.178,0.143,0.186,0.256,0.1318588
Chronos-2 120M (spatiotemporal Gaussian copula),6,DPZ,0.301,0.163,0.135,0.15,0.251,0.12033980000000002
Chronos-2 120M (spatiotemporal Gaussian copula),6,DRE,0.143,0.175,0.166,0.209,0.307,0.0964156
Chronos-2 120M (spatiotemporal Gaussian copula),6,DXC,0.305,0.135,0.122,0.117,0.321,0.218302
Chronos-2 120M (spatiotemporal Gaussian copula),6,EWA,0.104,0.26,0.287,0.263,0.086,0.0545018
Chronos-2 120M (spatiotemporal Gaussian copula),6,EWC,0.099,0.284,0.3,0.257,0.06,0.05211579999999999
Chronos-2 120M (spatiotemporal Gaussian copula),6,EWG,0.183,0.254,0.227,0.223,0.113,0.22202459999999996
Chronos-2 120M (spatiotemporal Gaussian copula),6,EWH,0.179,0.261,0.226,0.208,0.126,0.2230146
Chronos-2 120M (spatiotemporal Gaussian copula),6,EWJ,0.097,0.271,0.324,0.241,0.067,0.10163720000000001
Chronos-2 120M (spatiotemporal Gaussian copula),6,EWL,0.084,0.298,0.314,0.247,0.057,0.09692900000000002
Chronos-2 120M (spatiotemporal Gaussian copula),6,EWQ,0.092,0.245,0.297,0.265,0.101,0.05323800000000001
Chronos-2 120M (spatiotemporal Gaussian copula),6,EWT,0.122,0.221,0.247,0.27,0.14,0.1268466
Chronos-2 120M (spatiotemporal Gaussian copula),6,EWU,0.08,0.26,0.34,0.238,0.082,0.046224799999999996
Chronos-2 120M (spatiotemporal Gaussian copula),6,EWY,0.209,0.226,0.227,0.206,0.132,0.0989148
Chronos-2 120M (spatiotemporal Gaussian copula),6,EWZ,0.338,0.173,0.126,0.16,0.203,0.2832686
Chronos-2 120M (spatiotemporal Gaussian copula),6,FTV,0.133,0.22,0.227,0.23,0.19,0.22695959999999998
Chronos-2 120M (spatiotemporal Gaussian copula),6,GOOG,0.29,0.166,0.137,0.153,0.254,0.1416402
Chronos-2 120M (spatiotemporal Gaussian copula),6,GPC,0.108,0.151,0.2,0.26,0.281,0.16127740000000004
Chronos-2 120M (spatiotemporal Gaussian copula),6,GSG,0.261,0.108,0.113,0.152,0.366,0.1737124
Chronos-2 120M (spatiotemporal Gaussian copula),6,HIG,0.208,0.206,0.192,0.212,0.182,0.123004
Chronos-2 120M (spatiotemporal Gaussian copula),6,HIGH.L,0.106,0.284,0.302,0.234,0.074,0.25433520000000004
Chronos-2 120M (spatiotemporal Gaussian copula),6,HST,0.311,0.122,0.117,0.147,0.303,0.21450380000000005
Chronos-2 120M (spatiotemporal Gaussian copula),6,HYG,0.063,0.348,0.337,0.219,0.033,0.2578966
Chronos-2 120M (spatiotemporal Gaussian copula),6,IAU,0.292,0.199,0.17,0.168,0.171,0.0977014
Chronos-2 120M (spatiotemporal Gaussian copula),6,ICLN,0.272,0.137,0.136,0.143,0.312,0.20232680000000003
Chronos-2 120M (spatiotemporal Gaussian copula),6,IEAA.L,0.193,0.267,0.237,0.192,0.111,0.20939579999999997
Chronos-2 120M (spatiotemporal Gaussian copula),6,IEF,0.275,0.23,0.184,0.18,0.131,0.1769064
Chronos-2 120M (spatiotemporal Gaussian copula),6,IEFM.L,0.148,0.238,0.239,0.234,0.141,0.11188120000000001
Chronos-2 120M (spatiotemporal Gaussian copula),6,IEMG,0.16,0.283,0.257,0.219,0.081,0.08648200000000002
Chronos-2 120M (spatiotemporal Gaussian copula),6,IEUS,0.127,0.263,0.289,0.245,0.076,0.24860919999999997
Chronos-2 120M (spatiotemporal Gaussian copula),6,IEVL.L,0.103,0.196,0.237,0.26,0.204,0.15178439999999999
Chronos-2 120M (spatiotemporal Gaussian copula),6,IGF,0.028,0.274,0.43,0.233,0.035,0.033007400000000006
Chronos-2 120M (spatiotemporal Gaussian copula),6,INDA,0.075,0.2,0.282,0.268,0.175,0.061624800000000014
Chronos-2 120M (spatiotemporal Gaussian copula),6,IUMO.L,0.197,0.227,0.217,0.197,0.162,0.074742
Chronos-2 120M (spatiotemporal Gaussian copula),6,IUVL.L,0.135,0.213,0.203,0.236,0.213,0.07725980000000002
Chronos-2 120M (spatiotemporal Gaussian copula),6,IVV,0.033,0.256,0.338,0.339,0.034,0.095779
Chronos-2 120M (spatiotemporal Gaussian copula),6,IWM,0.127,0.257,0.229,0.255,0.132,0.1113556
Chronos-2 120M (spatiotemporal Gaussian copula),6,IXN,0.172,0.197,0.204,0.223,0.204,0.10713799999999998
Chronos-2 120M (spatiotemporal Gaussian copula),6,JPEA.L,0.206,0.309,0.233,0.191,0.061,0.06897719999999999
Chronos-2 120M (spatiotemporal Gaussian copula),6,JPM,0.159,0.204,0.191,0.216,0.23,0.08177319999999999
Chronos-2 120M (spatiotemporal Gaussian copula),6,KR,0.286,0.128,0.137,0.131,0.318,0.13158339999999996
Chronos-2 120M (spatiotemporal Gaussian copula),6,LQD,0.242,0.267,0.217,0.174,0.1,0.1801442
Chronos-2 120M (spatiotemporal Gaussian copula),6,MCHI,0.332,0.155,0.106,0.147,0.26,0.18852839999999998
Chronos-2 120M (spatiotemporal Gaussian copula),6,META,0.374,0.116,0.089,0.097,0.324,0.18683860000000002
Chronos-2 120M (spatiotemporal Gaussian copula),6,MVEU.L,0.078,0.238,0.268,0.267,0.149,0.1338394
Chronos-2 120M (spatiotemporal Gaussian copula),6,OGN,0.314,0.156,0.14,0.138,0.252,0.19341999999999998
Chronos-2 120M (spatiotemporal Gaussian copula),6,PG,0.153,0.174,0.213,0.22,0.24,0.07990760000000001
Chronos-2 120M (spatiotemporal Gaussian copula),6,PPL,0.198,0.22,0.221,0.228,0.133,0.27478759999999997
Chronos-2 120M (spatiotemporal Gaussian copula),6,PRU,0.177,0.177,0.207,0.185,0.254,0.10717639999999998
Chronos-2 120M (spatiotemporal Gaussian copula),6,PYPL,0.425,0.094,0.092,0.103,0.286,0.2666206
Chronos-2 120M (spatiotemporal Gaussian copula),6,RE,0.219,0.24,0.174,0.194,0.173,0.084652
Chronos-2 120M (spatiotemporal Gaussian copula),6,REET,0.068,0.301,0.331,0.243,0.057,0.0468068
Chronos-2 120M (spatiotemporal Gaussian copula),6,ROL,0.216,0.165,0.177,0.184,0.258,0.25194900000000003
Chronos-2 120M (spatiotemporal Gaussian copula),6,ROST,0.316,0.141,0.135,0.142,0.266,0.14598499999999998
Chronos-2 120M (spatiotemporal Gaussian copula),6,SEGA.L,0.292,0.227,0.188,0.159,0.134,0.16728599999999996
Chronos-2 120M (spatiotemporal Gaussian copula),6,SHY,0.189,0.275,0.231,0.201,0.104,0.20977159999999997
Chronos-2 120M (spatiotemporal Gaussian copula),6,SLV,0.378,0.165,0.151,0.14,0.166,0.09458499999999997
Chronos-2 120M (spatiotemporal Gaussian copula),6,SPMV.L,0.11,0.224,0.249,0.282,0.135,0.06315400000000002
Chronos-2 120M (spatiotemporal Gaussian copula),6,TLT,0.353,0.184,0.135,0.13,0.198,0.15595320000000001
Chronos-2 120M (spatiotemporal Gaussian copula),6,UNH,0.165,0.161,0.185,0.221,0.268,0.0888892
Chronos-2 120M (spatiotemporal Gaussian copula),6,URI,0.24,0.126,0.121,0.141,0.372,0.1646218
Chronos-2 120M (spatiotemporal Gaussian copula),6,V,0.161,0.181,0.176,0.229,0.253,0.2866436
Chronos-2 120M (spatiotemporal Gaussian copula),6,VRSK,0.207,0.205,0.192,0.205,0.191,0.12277799999999998
Chronos-2 120M (spatiotemporal Gaussian copula),6,VXX,0.648,0.059,0.049,0.059,0.185,0.060702799999999967
Chronos-2 120M (spatiotemporal Gaussian copula),6,WRK,0.247,0.153,0.127,0.164,0.309,0.14804379999999998
Chronos-2 120M (spatiotemporal Gaussian copula),6,XLB,0.06,0.256,0.31,0.304,0.07,0.0496464
Chronos-2 120M (spatiotemporal Gaussian copula),6,XLC,0.213,0.23,0.186,0.209,0.162,0.0811006
Chronos-2 120M (spatiotemporal Gaussian copula),6,XLE,0.206,0.128,0.118,0.151,0.397,0.14438099999999998
Chronos-2 120M (spatiotemporal Gaussian copula),6,XLF,0.056,0.221,0.321,0.279,0.123,0.0905196
Chronos-2 120M (spatiotemporal Gaussian copula),6,XLI,0.033,0.276,0.414,0.25,0.027,0.12400560000000002
Chronos-2 120M (spatiotemporal Gaussian copula),6,XLK,0.151,0.202,0.205,0.234,0.208,0.1004076
Chronos-2 120M (spatiotemporal Gaussian copula),6,XLP,0.061,0.222,0.313,0.285,0.119,0.05223739999999999
Chronos-2 120M (spatiotemporal Gaussian copula),6,XLU,0.157,0.254,0.205,0.227,0.157,0.25673500000000005
Chronos-2 120M (spatiotemporal Gaussian copula),6,XLV,0.086,0.264,0.27,0.279,0.101,0.11689940000000001
Chronos-2 120M (spatiotemporal Gaussian copula),6,XLY,0.231,0.183,0.182,0.192,0.212,0.12498340000000001
Chronos-2 120M (spatiotemporal Gaussian copula),6,XOM,0.173,0.119,0.114,0.152,0.442,0.09507860000000001
Chronos-2 120M (spatiotemporal Gaussian copula),7,ABBV,0.205,0.218,0.169,0.182,0.226,0.23409880000000002
Chronos-2 120M (spatiotemporal Gaussian copula),7,ACN,0.122,0.171,0.199,0.255,0.253,0.3185612
Chronos-2 120M (spatiotemporal Gaussian copula),7,AEP,0.161,0.184,0.172,0.221,0.262,0.09617579999999999
Chronos-2 120M (spatiotemporal Gaussian copula),7,AIZ,0.166,0.171,0.186,0.225,0.252,0.28523160000000003
Chronos-2 120M (spatiotemporal Gaussian copula),7,ALLE,0.247,0.204,0.163,0.202,0.184,0.21025239999999998
Chronos-2 120M (spatiotemporal Gaussian copula),7,AMAT,0.314,0.108,0.1,0.109,0.369,0.233865
Chronos-2 120M (spatiotemporal Gaussian copula),7,AMP,0.114,0.168,0.165,0.217,0.336,0.081045
Chronos-2 120M (spatiotemporal Gaussian copula),7,AMZN,0.297,0.118,0.105,0.129,0.351,0.238007
Chronos-2 120M (spatiotemporal Gaussian copula),7,AVB,0.223,0.215,0.173,0.205,0.184,0.08535
Chronos-2 120M (spatiotemporal Gaussian copula),7,AVY,0.138,0.172,0.173,0.198,0.319,0.3176388
Chronos-2 120M (spatiotemporal Gaussian copula),7,AXP,0.258,0.17,0.151,0.194,0.227,0.09570359999999997
Chronos-2 120M (spatiotemporal Gaussian copula),7,BDX,0.23,0.181,0.161,0.194,0.234,0.12075220000000002
Chronos-2 120M (spatiotemporal Gaussian copula),7,BF-B,0.153,0.2,0.2,0.228,0.219,0.13795760000000004
Chronos-2 120M (spatiotemporal Gaussian copula),7,BMY,0.22,0.222,0.177,0.181,0.2,0.085785
Chronos-2 120M (spatiotemporal Gaussian copula),7,BR,0.112,0.15,0.182,0.252,0.304,0.09654800000000004
Chronos-2 120M (spatiotemporal Gaussian copula),7,CARR,0.201,0.168,0.141,0.174,0.316,0.1557036
Chronos-2 120M (spatiotemporal Gaussian copula),7,CDW,0.113,0.165,0.148,0.217,0.357,0.19819559999999997
Chronos-2 120M (spatiotemporal Gaussian copula),7,CE,0.289,0.183,0.159,0.175,0.194,0.19162040000000002
Chronos-2 120M (spatiotemporal Gaussian copula),7,CHTR,0.398,0.139,0.13,0.105,0.228,0.1479292
Chronos-2 120M (spatiotemporal Gaussian copula),7,CNC,0.249,0.145,0.119,0.178,0.309,0.2527774
Chronos-2 120M (spatiotemporal Gaussian copula),7,CNP,0.121,0.164,0.205,0.224,0.286,0.16915239999999998
Chronos-2 120M (spatiotemporal Gaussian copula),7,COP,0.268,0.105,0.089,0.106,0.432,0.1494042
Chronos-2 120M (spatiotemporal Gaussian copula),7,CTAS,0.12,0.177,0.199,0.262,0.242,0.16423780000000002
Chronos-2 120M (spatiotemporal Gaussian copula),7,CZR,0.422,0.072,0.074,0.088,0.344,0.17261600000000002
Chronos-2 120M (spatiotemporal Gaussian copula),7,DG,0.201,0.169,0.158,0.207,0.265,0.10526200000000001
Chronos-2 120M (spatiotemporal Gaussian copula),7,DPZ,0.322,0.156,0.138,0.143,0.241,0.187541
Chronos-2 120M (spatiotemporal Gaussian copula),7,DRE,0.111,0.146,0.165,0.208,0.37,0.3626708
Chronos-2 120M (spatiotemporal Gaussian copula),7,DXC,0.426,0.126,0.097,0.111,0.24,0.29699620000000004
Chronos-2 120M (spatiotemporal Gaussian copula),7,EWA,0.113,0.298,0.313,0.223,0.053,0.052135
Chronos-2 120M (spatiotemporal Gaussian copula),7,EWC,0.054,0.289,0.339,0.265,0.053,0.044899600000000005
Chronos-2 120M (spatiotemporal Gaussian copula),7,EWG,0.272,0.323,0.209,0.154,0.042,0.0936378
Chronos-2 120M (spatiotemporal Gaussian copula),7,EWH,0.225,0.289,0.218,0.18,0.088,0.1716778
Chronos-2 120M (spatiotemporal Gaussian copula),7,EWJ,0.143,0.347,0.32,0.161,0.029,0.06349799999999999
Chronos-2 120M (spatiotemporal Gaussian copula),7,EWL,0.089,0.304,0.344,0.218,0.045,0.046712800000000006
Chronos-2 120M (spatiotemporal Gaussian copula),7,EWQ,0.091,0.27,0.313,0.248,0.078,0.05019240000000001
Chronos-2 120M (spatiotemporal Gaussian copula),7,EWT,0.175,0.256,0.242,0.229,0.098,0.09418379999999998
Chronos-2 120M (spatiotemporal Gaussian copula),7,EWU,0.076,0.272,0.353,0.23,0.069,0.10500839999999996
Chronos-2 120M (spatiotemporal Gaussian copula),7,EWY,0.249,0.274,0.219,0.183,0.075,0.07234379999999999
Chronos-2 120M (spatiotemporal Gaussian copula),7,EWZ,0.283,0.165,0.137,0.153,0.262,0.13833239999999997
Chronos-2 120M (spatiotemporal Gaussian copula),7,FTV,0.108,0.197,0.246,0.244,0.205,0.06966300000000002
Chronos-2 120M (spatiotemporal Gaussian copula),7,GOOG,0.207,0.155,0.162,0.179,0.297,0.27013560000000003
Chronos-2 120M (spatiotemporal Gaussian copula),7,GPC,0.082,0.12,0.189,0.26,0.349,0.12484200000000001
Chronos-2 120M (spatiotemporal Gaussian copula),7,GSG,0.244,0.13,0.132,0.171,0.323,0.1119554
Chronos-2 120M (spatiotemporal Gaussian copula),7,HIG,0.193,0.195,0.197,0.198,0.217,0.11542140000000001
Chronos-2 120M (spatiotemporal Gaussian copula),7,HIGH.L,0.153,0.345,0.282,0.176,0.044,0.3587498
Chronos-2 120M (spatiotemporal Gaussian copula),7,HST,0.298,0.13,0.103,0.155,0.314,0.11810899999999998
Chronos-2 120M (spatiotemporal Gaussian copula),7,HYG,0.057,0.355,0.349,0.206,0.033,0.15064059999999996
Chronos-2 120M (spatiotemporal Gaussian copula),7,IAU,0.314,0.205,0.161,0.164,0.156,0.17093860000000002
Chronos-2 120M (spatiotemporal Gaussian copula),7,ICLN,0.335,0.157,0.13,0.159,0.219,0.2702268
Chronos-2 120M (spatiotemporal Gaussian copula),7,IEAA.L,0.219,0.286,0.237,0.179,0.079,0.17195819999999998
Chronos-2 120M (spatiotemporal Gaussian copula),7,IEF,0.273,0.245,0.183,0.175,0.124,0.169926
Chronos-2 120M (spatiotemporal Gaussian copula),7,IEFM.L,0.158,0.256,0.24,0.211,0.135,0.27446020000000004
Chronos-2 120M (spatiotemporal Gaussian copula),7,IEMG,0.15,0.315,0.262,0.209,0.064,0.06347
Chronos-2 120M (spatiotemporal Gaussian copula),7,IEUS,0.176,0.317,0.267,0.195,0.045,0.06953000000000001
Chronos-2 120M (spatiotemporal Gaussian copula),7,IEVL.L,0.105,0.221,0.266,0.242,0.166,0.09906420000000002
Chronos-2 120M (spatiotemporal Gaussian copula),7,IGF,0.016,0.231,0.411,0.292,0.05,0.03614580000000001
Chronos-2 120M (spatiotemporal Gaussian copula),7,INDA,0.114,0.272,0.272,0.244,0.098,0.281712
Chronos-2 120M (spatiotemporal Gaussian copula),7,IUMO.L,0.166,0.237,0.22,0.218,0.159,0.071475
Chronos-2 120M (spatiotemporal Gaussian copula),7,IUVL.L,0.138,0.231,0.208,0.247,0.176,0.125422
Chronos-2 120M (spatiotemporal Gaussian copula),7,IVV,0.011,0.175,0.341,0.42,0.053,0.177851
Chronos-2 120M (spatiotemporal Gaussian copula),7,IWM,0.122,0.264,0.242,0.254,0.118,0.10883760000000002
Chronos-2 120M (spatiotemporal Gaussian copula),7,IXN,0.151,0.201,0.209,0.233,0.206,0.27517240000000004
Chronos-2 120M (spatiotemporal Gaussian copula),7,JPEA.L,0.225,0.288,0.247,0.169,0.071,0.350887
Chronos-2 120M (spatiotemporal Gaussian copula),7,JPM,0.279,0.217,0.182,0.187,0.135,0.3063532
Chronos-2 120M (spatiotemporal Gaussian copula),7,KR,0.299,0.119,0.135,0.115,0.332,0.1360316
Chronos-2 120M (spatiotemporal Gaussian copula),7,LQD,0.227,0.268,0.234,0.189,0.082,0.1669438
Chronos-2 120M (spatiotemporal Gaussian copula),7,MCHI,0.436,0.162,0.129,0.12,0.153,0.21992759999999997
Chronos-2 120M (spatiotemporal Gaussian copula),7,META,0.365,0.104,0.098,0.097,0.336,0.19711420000000004
Chronos-2 120M (spatiotemporal Gaussian copula),7,MVEU.L,0.09,0.248,0.279,0.25,0.133,0.1221444
Chronos-2 120M (spatiotemporal Gaussian copula),7,OGN,0.323,0.167,0.144,0.135,0.231,0.10634919999999999
Chronos-2 120M (spatiotemporal Gaussian copula),7,PG,0.171,0.182,0.212,0.214,0.221,0.1371832
Chronos-2 120M (spatiotemporal Gaussian copula),7,PPL,0.14,0.16,0.216,0.251,0.233,0.079629
Chronos-2 120M (spatiotemporal Gaussian copula),7,PRU,0.184,0.169,0.2,0.193,0.254,0.26975800000000005
Chronos-2 120M (spatiotemporal Gaussian copula),7,PYPL,0.454,0.112,0.078,0.095,0.261,0.2974658
Chronos-2 120M (spatiotemporal Gaussian copula),7,RE,0.203,0.19,0.177,0.179,0.251,0.21631180000000008
Chronos-2 120M (spatiotemporal Gaussian copula),7,REET,0.044,0.248,0.343,0.291,0.074,0.1283802
Chronos-2 120M (spatiotemporal Gaussian copula),7,ROL,0.273,0.171,0.161,0.173,0.222,0.24859480000000006
Chronos-2 120M (spatiotemporal Gaussian copula),7,ROST,0.258,0.124,0.116,0.148,0.354,0.1755616
Chronos-2 120M (spatiotemporal Gaussian copula),7,SEGA.L,0.305,0.227,0.186,0.177,0.105,0.33851960000000003
Chronos-2 120M (spatiotemporal Gaussian copula),7,SHY,0.192,0.286,0.237,0.199,0.086,0.32239379999999995
Chronos-2 120M (spatiotemporal Gaussian copula),7,SLV,0.427,0.166,0.13,0.117,0.16,0.3524614
Chronos-2 120M (spatiotemporal Gaussian copula),7,SPMV.L,0.067,0.205,0.248,0.317,0.163,0.1582884
Chronos-2 120M (spatiotemporal Gaussian copula),7,TLT,0.388,0.183,0.113,0.147,0.169,0.12100040000000001
Chronos-2 120M (spatiotemporal Gaussian copula),7,UNH,0.136,0.146,0.18,0.244,0.294,0.07958000000000001
Chronos-2 120M (spatiotemporal Gaussian copula),7,URI,0.272,0.128,0.112,0.151,0.337,0.24833940000000002
Chronos-2 120M (spatiotemporal Gaussian copula),7,V,0.196,0.201,0.199,0.198,0.206,0.12153539999999999
Chronos-2 120M (spatiotemporal Gaussian copula),7,VRSK,0.155,0.178,0.192,0.217,0.258,0.15222060000000004
Chronos-2 120M (spatiotemporal Gaussian copula),7,VXX,0.632,0.054,0.047,0.062,0.205,0.19666679999999997
Chronos-2 120M (spatiotemporal Gaussian copula),7,WRK,0.237,0.16,0.138,0.171,0.294,0.24968779999999996
Chronos-2 120M (spatiotemporal Gaussian copula),7,XLB,0.047,0.244,0.333,0.312,0.064,0.13007240000000003
Chronos-2 120M (spatiotemporal Gaussian copula),7,XLC,0.193,0.245,0.213,0.219,0.13,0.2211588
Chronos-2 120M (spatiotemporal Gaussian copula),7,XLE,0.244,0.119,0.12,0.144,0.373,0.16354459999999998
Chronos-2 120M (spatiotemporal Gaussian copula),7,XLF,0.083,0.25,0.318,0.251,0.098,0.049836599999999995
Chronos-2 120M (spatiotemporal Gaussian copula),7,XLI,0.01,0.226,0.399,0.32,0.045,0.3398092
Chronos-2 120M (spatiotemporal Gaussian copula),7,XLK,0.121,0.187,0.217,0.255,0.22,0.305106
Chronos-2 120M (spatiotemporal Gaussian copula),7,XLP,0.046,0.205,0.279,0.323,0.147,0.1611252
Chronos-2 120M (spatiotemporal Gaussian copula),7,XLU,0.089,0.21,0.209,0.236,0.256,0.08418439999999999
Chronos-2 120M (spatiotemporal Gaussian copula),7,XLV,0.051,0.242,0.291,0.289,0.127,0.08912699999999998
Chronos-2 120M (spatiotemporal Gaussian copula),7,XLY,0.144,0.177,0.165,0.226,0.288,0.0941834
Chronos-2 120M (spatiotemporal Gaussian copula),7,XOM,0.233,0.138,0.109,0.154,0.366,0.1648572
Chronos-2 120M (spatiotemporal Gaussian copula),8,ABBV,0.129,0.167,0.186,0.206,0.312,0.16198500000000005
Chronos-2 120M (spatiotemporal Gaussian copula),8,ACN,0.165,0.207,0.206,0.233,0.189,0.0758828
Chronos-2 120M (spatiotemporal Gaussian copula),8,AEP,0.184,0.201,0.183,0.197,0.235,0.25718599999999997
Chronos-2 120M (spatiotemporal Gaussian copula),8,AIZ,0.232,0.196,0.198,0.201,0.173,0.13176260000000004
Chronos-2 120M (spatiotemporal Gaussian copula),8,ALLE,0.335,0.211,0.167,0.163,0.124,0.3372172000000001
Chronos-2 120M (spatiotemporal Gaussian copula),8,AMAT,0.319,0.114,0.1,0.117,0.35,0.2251678
Chronos-2 120M (spatiotemporal Gaussian copula),8,AMP,0.124,0.159,0.16,0.211,0.346,0.08228600000000001
Chronos-2 120M (spatiotemporal Gaussian copula),8,AMZN,0.388,0.119,0.107,0.115,0.271,0.168006
Chronos-2 120M (spatiotemporal Gaussian copula),8,AVB,0.177,0.202,0.186,0.197,0.238,0.2617678
Chronos-2 120M (spatiotemporal Gaussian copula),8,AVY,0.223,0.205,0.178,0.193,0.201,0.12811
Chronos-2 120M (spatiotemporal Gaussian copula),8,AXP,0.214,0.156,0.146,0.183,0.301,0.1535106
Chronos-2 120M (spatiotemporal Gaussian copula),8,BDX,0.224,0.185,0.18,0.179,0.232,0.12444039999999998
Chronos-2 120M (spatiotemporal Gaussian copula),8,BF-B,0.148,0.206,0.202,0.228,0.216,0.13660239999999998
Chronos-2 120M (spatiotemporal Gaussian copula),8,BMY,0.212,0.211,0.182,0.177,0.218,0.2402844
Chronos-2 120M (spatiotemporal Gaussian copula),8,BR,0.142,0.193,0.197,0.228,0.24,0.2910026
Chronos-2 120M (spatiotemporal Gaussian copula),8,CARR,0.287,0.171,0.15,0.185,0.207,0.11452920000000003
Chronos-2 120M (spatiotemporal Gaussian copula),8,CDW,0.162,0.203,0.168,0.227,0.24,0.14103159999999998
Chronos-2 120M (spatiotemporal Gaussian copula),8,CE,0.325,0.177,0.152,0.168,0.178,0.17100579999999999
Chronos-2 120M (spatiotemporal Gaussian copula),8,CHTR,0.4,0.142,0.129,0.122,0.207,0.1441708
Chronos-2 120M (spatiotemporal Gaussian copula),8,CNC,0.283,0.15,0.121,0.161,0.285,0.13634380000000001
Chronos-2 120M (spatiotemporal Gaussian copula),8,CNP,0.107,0.165,0.195,0.231,0.302,0.3405452
Chronos-2 120M (spatiotemporal Gaussian copula),8,COP,0.191,0.114,0.075,0.11,0.51,0.1028012
Chronos-2 120M (spatiotemporal Gaussian copula),8,CTAS,0.149,0.195,0.198,0.249,0.209,0.07879639999999999
Chronos-2 120M (spatiotemporal Gaussian copula),8,CZR,0.378,0.079,0.069,0.103,0.371,0.20881
Chronos-2 120M (spatiotemporal Gaussian copula),8,DG,0.262,0.184,0.162,0.175,0.217,0.1368626
Chronos-2 120M (spatiotemporal Gaussian copula),8,DPZ,0.388,0.154,0.112,0.128,0.218,0.12230960000000002
Chronos-2 120M (spatiotemporal Gaussian copula),8,DRE,0.198,0.185,0.172,0.185,0.26,0.13710360000000002
Chronos-2 120M (spatiotemporal Gaussian copula),8,DXC,0.289,0.119,0.099,0.118,0.375,0.1795318
Chronos-2 120M (spatiotemporal Gaussian copula),8,EWA,0.075,0.24,0.296,0.295,0.094,0.12700140000000001
Chronos-2 120M (spatiotemporal Gaussian copula),8,EWC,0.053,0.247,0.327,0.297,0.076,0.12754279999999998
Chronos-2 120M (spatiotemporal Gaussian copula),8,EWG,0.2,0.271,0.23,0.204,0.095,0.0720534
Chronos-2 120M (spatiotemporal Gaussian copula),8,EWH,0.196,0.272,0.216,0.205,0.111,0.08672339999999999
Chronos-2 120M (spatiotemporal Gaussian copula),8,EWJ,0.12,0.3,0.325,0.206,0.049,0.05164519999999999
Chronos-2 120M (spatiotemporal Gaussian copula),8,EWL,0.09,0.297,0.334,0.229,0.05,0.047642
Chronos-2 120M (spatiotemporal Gaussian copula),8,EWQ,0.085,0.222,0.298,0.279,0.116,0.05419100000000001
Chronos-2 120M (spatiotemporal Gaussian copula),8,EWT,0.136,0.224,0.253,0.236,0.151,0.2657332
Chronos-2 120M (spatiotemporal Gaussian copula),8,EWU,0.066,0.215,0.326,0.284,0.109,0.049929400000000006
Chronos-2 120M (spatiotemporal Gaussian copula),8,EWY,0.188,0.232,0.236,0.217,0.127,0.10124179999999998
Chronos-2 120M (spatiotemporal Gaussian copula),8,EWZ,0.231,0.157,0.135,0.165,0.312,0.19015560000000004
Chronos-2 120M (spatiotemporal Gaussian copula),8,FTV,0.13,0.221,0.248,0.229,0.172,0.0660972
Chronos-2 120M (spatiotemporal Gaussian copula),8,GOOG,0.243,0.158,0.159,0.176,0.264,0.0966292
Chronos-2 120M (spatiotemporal Gaussian copula),8,GPC,0.107,0.163,0.195,0.252,0.283,0.16293260000000004
Chronos-2 120M (spatiotemporal Gaussian copula),8,GSG,0.209,0.124,0.127,0.18,0.36,0.15515399999999996
Chronos-2 120M (spatiotemporal Gaussian copula),8,HIG,0.157,0.2,0.219,0.212,0.212,0.22096359999999998
Chronos-2 120M (spatiotemporal Gaussian copula),8,HIGH.L,0.124,0.321,0.286,0.215,0.054,0.32853560000000004
Chronos-2 120M (spatiotemporal Gaussian copula),8,HST,0.255,0.136,0.102,0.154,0.353,0.11711279999999999
Chronos-2 120M (spatiotemporal Gaussian copula),8,HYG,0.057,0.36,0.337,0.215,0.031,0.149323
Chronos-2 120M (spatiotemporal Gaussian copula),8,IAU,0.281,0.206,0.174,0.168,0.171,0.28805840000000005
Chronos-2 120M (spatiotemporal Gaussian copula),8,ICLN,0.252,0.142,0.13,0.17,0.306,0.2493904
Chronos-2 120M (spatiotemporal Gaussian copula),8,IEAA.L,0.231,0.275,0.24,0.181,0.073,0.1742484
Chronos-2 120M (spatiotemporal Gaussian copula),8,IEF,0.264,0.252,0.196,0.168,0.12,0.17145919999999998
Chronos-2 120M (spatiotemporal Gaussian copula),8,IEFM.L,0.177,0.232,0.229,0.218,0.144,0.125278
Chronos-2 120M (spatiotemporal Gaussian copula),8,IEMG,0.122,0.287,0.26,0.244,0.087,0.09625899999999998
Chronos-2 120M (spatiotemporal Gaussian copula),8,IEUS,0.15,0.276,0.265,0.216,0.093,0.09122119999999999
Chronos-2 120M (spatiotemporal Gaussian copula),8,IEVL.L,0.084,0.215,0.243,0.249,0.209,0.08678040000000001
Chronos-2 120M (spatiotemporal Gaussian copula),8,IGF,0.009,0.199,0.387,0.344,0.061,0.3554182
Chronos-2 120M (spatiotemporal Gaussian copula),8,INDA,0.072,0.205,0.264,0.288,0.171,0.06436700000000001
Chronos-2 120M (spatiotemporal Gaussian copula),8,IUMO.L,0.201,0.222,0.213,0.197,0.167,0.26354299999999997
Chronos-2 120M (spatiotemporal Gaussian copula),8,IUVL.L,0.166,0.198,0.218,0.222,0.196,0.1074384
Chronos-2 120M (spatiotemporal Gaussian copula),8,IVV,0.019,0.231,0.373,0.35,0.027,0.0411438
Chronos-2 120M (spatiotemporal Gaussian copula),8,IWM,0.072,0.231,0.234,0.289,0.174,0.06832759999999999
Chronos-2 120M (spatiotemporal Gaussian copula),8,IXN,0.204,0.224,0.211,0.211,0.15,0.1043242
Chronos-2 120M (spatiotemporal Gaussian copula),8,JPEA.L,0.2,0.286,0.25,0.187,0.077,0.0703642
Chronos-2 120M (spatiotemporal Gaussian copula),8,JPM,0.194,0.204,0.172,0.219,0.211,0.11309220000000002
Chronos-2 120M (spatiotemporal Gaussian copula),8,KR,0.275,0.136,0.136,0.134,0.319,0.14590319999999998
Chronos-2 120M (spatiotemporal Gaussian copula),8,LQD,0.237,0.28,0.228,0.183,0.072,0.07873340000000001
Chronos-2 120M (spatiotemporal Gaussian copula),8,MCHI,0.36,0.168,0.125,0.138,0.209,0.15929480000000001
Chronos-2 120M (spatiotemporal Gaussian copula),8,META,0.45,0.114,0.083,0.093,0.26,0.136961
Chronos-2 120M (spatiotemporal Gaussian copula),8,MVEU.L,0.139,0.265,0.261,0.217,0.118,0.12773720000000002
Chronos-2 120M (spatiotemporal Gaussian copula),8,OGN,0.242,0.168,0.144,0.183,0.263,0.23814979999999997
Chronos-2 120M (spatiotemporal Gaussian copula),8,PG,0.221,0.213,0.227,0.171,0.168,0.10246840000000002
Chronos-2 120M (spatiotemporal Gaussian copula),8,PPL,0.139,0.166,0.221,0.237,0.237,0.3010381999999999
Chronos-2 120M (spatiotemporal Gaussian copula),8,PRU,0.183,0.187,0.194,0.196,0.24,0.21321700000000005
Chronos-2 120M (spatiotemporal Gaussian copula),8,PYPL,0.409,0.109,0.095,0.103,0.284,0.162406
Chronos-2 120M (spatiotemporal Gaussian copula),8,RE,0.154,0.177,0.186,0.19,0.293,0.09728299999999998
Chronos-2 120M (spatiotemporal Gaussian copula),8,REET,0.048,0.228,0.334,0.304,0.086,0.3179951999999999
Chronos-2 120M (spatiotemporal Gaussian copula),8,ROL,0.22,0.169,0.139,0.183,0.289,0.19680520000000004
Chronos-2 120M (spatiotemporal Gaussian copula),8,ROST,0.247,0.127,0.101,0.164,0.361,0.1717662
Chronos-2 120M (spatiotemporal Gaussian copula),8,SEGA.L,0.297,0.241,0.184,0.169,0.109,0.1821636
Chronos-2 120M (spatiotemporal Gaussian copula),8,SHY,0.194,0.27,0.233,0.197,0.106,0.3075954000000001
Chronos-2 120M (spatiotemporal Gaussian copula),8,SLV,0.32,0.14,0.158,0.141,0.241,0.10360100000000001
Chronos-2 120M (spatiotemporal Gaussian copula),8,SPMV.L,0.129,0.232,0.256,0.263,0.12,0.10841019999999998
Chronos-2 120M (spatiotemporal Gaussian copula),8,TLT,0.385,0.197,0.124,0.137,0.157,0.11960679999999999
Chronos-2 120M (spatiotemporal Gaussian copula),8,UNH,0.145,0.165,0.186,0.229,0.275,0.1777532
Chronos-2 120M (spatiotemporal Gaussian copula),8,URI,0.257,0.134,0.108,0.143,0.358,0.119219
Chronos-2 120M (spatiotemporal Gaussian copula),8,V,0.207,0.207,0.194,0.185,0.207,0.1253516
Chronos-2 120M (spatiotemporal Gaussian copula),8,VRSK,0.227,0.217,0.185,0.185,0.186,0.10658039999999999
Chronos-2 120M (spatiotemporal Gaussian copula),8,VXX,0.653,0.06,0.056,0.065,0.166,0.4443390000000001
Chronos-2 120M (spatiotemporal Gaussian copula),8,WRK,0.384,0.157,0.12,0.132,0.207,0.11958139999999999
Chronos-2 120M (spatiotemporal Gaussian copula),8,XLB,0.063,0.293,0.332,0.261,0.051,0.04613
Chronos-2 120M (spatiotemporal Gaussian copula),8,XLC,0.207,0.254,0.212,0.195,0.132,0.09154460000000003
Chronos-2 120M (spatiotemporal Gaussian copula),8,XLE,0.202,0.116,0.12,0.136,0.426,0.1326496
Chronos-2 120M (spatiotemporal Gaussian copula),8,XLF,0.054,0.212,0.306,0.284,0.144,0.05551839999999999
Chronos-2 120M (spatiotemporal Gaussian copula),8,XLI,0.029,0.3,0.392,0.249,0.03,0.12596460000000004
Chronos-2 120M (spatiotemporal Gaussian copula),8,XLK,0.18,0.24,0.215,0.213,0.152,0.10502580000000002
Chronos-2 120M (spatiotemporal Gaussian copula),8,XLP,0.078,0.236,0.314,0.271,0.101,0.101853
Chronos-2 120M (spatiotemporal Gaussian copula),8,XLU,0.1,0.237,0.202,0.249,0.212,0.3014068000000001
Chronos-2 120M (spatiotemporal Gaussian copula),8,XLV,0.077,0.251,0.274,0.276,0.122,0.2493602000000001
Chronos-2 120M (spatiotemporal Gaussian copula),8,XLY,0.236,0.201,0.163,0.2,0.2,0.220133
Chronos-2 120M (spatiotemporal Gaussian copula),8,XOM,0.197,0.118,0.104,0.163,0.418,0.1304638
Chronos-2 120M (spatiotemporal Gaussian copula),9,ABBV,0.127,0.144,0.19,0.21,0.329,0.18926639999999995
Chronos-2 120M (spatiotemporal Gaussian copula),9,ACN,0.124,0.182,0.213,0.255,0.226,0.0858898
Chronos-2 120M (spatiotemporal Gaussian copula),9,AEP,0.265,0.182,0.181,0.157,0.215,0.1121286
Chronos-2 120M (spatiotemporal Gaussian copula),9,AIZ,0.192,0.172,0.198,0.215,0.223,0.2597866
Chronos-2 120M (spatiotemporal Gaussian copula),9,ALLE,0.224,0.198,0.182,0.204,0.192,0.24918800000000005
Chronos-2 120M (spatiotemporal Gaussian copula),9,AMAT,0.332,0.123,0.095,0.113,0.337,0.21186360000000004
Chronos-2 120M (spatiotemporal Gaussian copula),9,AMP,0.141,0.167,0.16,0.209,0.323,0.1584196
Chronos-2 120M (spatiotemporal Gaussian copula),9,AMZN,0.337,0.142,0.111,0.129,0.281,0.19161420000000004
Chronos-2 120M (spatiotemporal Gaussian copula),9,AVB,0.235,0.209,0.178,0.193,0.185,0.21429400000000004
Chronos-2 120M (spatiotemporal Gaussian copula),9,AVY,0.194,0.197,0.198,0.199,0.212,0.0808764
Chronos-2 120M (spatiotemporal Gaussian copula),9,AXP,0.275,0.169,0.149,0.188,0.219,0.09727419999999999
Chronos-2 120M (spatiotemporal Gaussian copula),9,BDX,0.249,0.202,0.178,0.183,0.188,0.20767739999999998
Chronos-2 120M (spatiotemporal Gaussian copula),9,BF-B,0.221,0.239,0.196,0.2,0.144,0.09590260000000003
Chronos-2 120M (spatiotemporal Gaussian copula),9,BMY,0.198,0.209,0.191,0.187,0.215,0.11973639999999999
Chronos-2 120M (spatiotemporal Gaussian copula),9,BR,0.174,0.225,0.208,0.2,0.193,0.24703500000000006
Chronos-2 120M (spatiotemporal Gaussian copula),9,CARR,0.258,0.17,0.161,0.192,0.219,0.24132600000000007
Chronos-2 120M (spatiotemporal Gaussian copula),9,CDW,0.166,0.201,0.177,0.227,0.229,0.2105244
Chronos-2 120M (spatiotemporal Gaussian copula),9,CE,0.325,0.179,0.15,0.167,0.179,0.29227960000000003
Chronos-2 120M (spatiotemporal Gaussian copula),9,CHTR,0.354,0.136,0.135,0.13,0.245,0.2652132
Chronos-2 120M (spatiotemporal Gaussian copula),9,CNC,0.312,0.15,0.136,0.156,0.246,0.10658159999999998
Chronos-2 120M (spatiotemporal Gaussian copula),9,CNP,0.252,0.206,0.165,0.169,0.208,0.09173219999999999
Chronos-2 120M (spatiotemporal Gaussian copula),9,COP,0.188,0.106,0.075,0.107,0.524,0.1589034
Chronos-2 120M (spatiotemporal Gaussian copula),9,CTAS,0.148,0.213,0.19,0.249,0.2,0.0991652
Chronos-2 120M (spatiotemporal Gaussian copula),9,CZR,0.434,0.091,0.068,0.102,0.305,0.259731
Chronos-2 120M (spatiotemporal Gaussian copula),9,DG,0.218,0.167,0.161,0.193,0.261,0.1399972
Chronos-2 120M (spatiotemporal Gaussian copula),9,DPZ,0.328,0.131,0.124,0.142,0.275,0.1467558
Chronos-2 120M (spatiotemporal Gaussian copula),9,DRE,0.13,0.225,0.19,0.236,0.219,0.2855822
Chronos-2 120M (spatiotemporal Gaussian copula),9,DXC,0.271,0.132,0.091,0.131,0.375,0.1653022
Chronos-2 120M (spatiotemporal Gaussian copula),9,EWA,0.094,0.26,0.289,0.279,0.078,0.110737
Chronos-2 120M (spatiotemporal Gaussian copula),9,EWC,0.064,0.285,0.319,0.282,0.05,0.11492419999999999
Chronos-2 120M (spatiotemporal Gaussian copula),9,EWG,0.212,0.235,0.22,0.203,0.13,0.2893083999999999
Chronos-2 120M (spatiotemporal Gaussian copula),9,EWH,0.213,0.259,0.209,0.204,0.115,0.08782780000000003
Chronos-2 120M (spatiotemporal Gaussian copula),9,EWJ,0.104,0.306,0.328,0.21,0.052,0.050052799999999995
Chronos-2 120M (spatiotemporal Gaussian copula),9,EWL,0.084,0.273,0.325,0.256,0.062,0.12069460000000003
Chronos-2 120M (spatiotemporal Gaussian copula),9,EWQ,0.097,0.223,0.272,0.271,0.137,0.24140840000000002
Chronos-2 120M (spatiotemporal Gaussian copula),9,EWT,0.2,0.25,0.262,0.199,0.089,0.151473
Chronos-2 120M (spatiotemporal Gaussian copula),9,EWU,0.083,0.221,0.295,0.283,0.118,0.09440600000000002
Chronos-2 120M (spatiotemporal Gaussian copula),9,EWY,0.218,0.233,0.24,0.194,0.115,0.30232620000000004
Chronos-2 120M (spatiotemporal Gaussian copula),9,EWZ,0.277,0.155,0.131,0.163,0.274,0.22227959999999997
Chronos-2 120M (spatiotemporal Gaussian copula),9,FTV,0.138,0.221,0.247,0.234,0.16,0.1081522
Chronos-2 120M (spatiotemporal Gaussian copula),9,GOOG,0.213,0.139,0.196,0.18,0.272,0.26351220000000003
Chronos-2 120M (spatiotemporal Gaussian copula),9,GPC,0.081,0.128,0.186,0.274,0.331,0.0631656
Chronos-2 120M (spatiotemporal Gaussian copula),9,GSG,0.224,0.12,0.119,0.16,0.377,0.29260200000000003
Chronos-2 120M (spatiotemporal Gaussian copula),9,HIG,0.128,0.155,0.187,0.227,0.303,0.0818364
Chronos-2 120M (spatiotemporal Gaussian copula),9,HIGH.L,0.112,0.278,0.295,0.236,0.079,0.09802199999999998
Chronos-2 120M (spatiotemporal Gaussian copula),9,HST,0.223,0.135,0.109,0.151,0.382,0.12158120000000001
Chronos-2 120M (spatiotemporal Gaussian copula),9,HYG,0.045,0.314,0.348,0.244,0.049,0.2822312
Chronos-2 120M (spatiotemporal Gaussian copula),9,IAU,0.254,0.224,0.174,0.177,0.171,0.09746900000000001
Chronos-2 120M (spatiotemporal Gaussian copula),9,ICLN,0.341,0.173,0.136,0.148,0.202,0.1687562
Chronos-2 120M (spatiotemporal Gaussian copula),9,IEAA.L,0.191,0.269,0.244,0.192,0.104,0.2089026
Chronos-2 120M (spatiotemporal Gaussian copula),9,IEF,0.249,0.236,0.212,0.166,0.137,0.1879608
Chronos-2 120M (spatiotemporal Gaussian copula),9,IEFM.L,0.159,0.229,0.235,0.222,0.155,0.1131958
Chronos-2 120M (spatiotemporal Gaussian copula),9,IEMG,0.174,0.313,0.257,0.201,0.055,0.06720119999999999
Chronos-2 120M (spatiotemporal Gaussian copula),9,IEUS,0.16,0.268,0.253,0.219,0.1,0.296509
Chronos-2 120M (spatiotemporal Gaussian copula),9,IEVL.L,0.097,0.216,0.238,0.258,0.191,0.14389200000000002
Chronos-2 120M (spatiotemporal Gaussian copula),9,IGF,0.046,0.297,0.373,0.243,0.041,0.04042040000000001
Chronos-2 120M (spatiotemporal Gaussian copula),9,INDA,0.08,0.225,0.271,0.267,0.157,0.06076999999999998
Chronos-2 120M (spatiotemporal Gaussian copula),9,IUMO.L,0.14,0.236,0.24,0.232,0.152,0.11590720000000002
Chronos-2 120M (spatiotemporal Gaussian copula),9,IUVL.L,0.152,0.21,0.207,0.235,0.196,0.07566500000000001
Chronos-2 120M (spatiotemporal Gaussian copula),9,IVV,0.015,0.23,0.376,0.353,0.026,0.0409134
Chronos-2 120M (spatiotemporal Gaussian copula),9,IWM,0.082,0.255,0.259,0.271,0.133,0.06023959999999998
Chronos-2 120M (spatiotemporal Gaussian copula),9,IXN,0.169,0.217,0.213,0.23,0.171,0.11311979999999999
Chronos-2 120M (spatiotemporal Gaussian copula),9,JPEA.L,0.202,0.287,0.239,0.195,0.077,0.07636760000000001
Chronos-2 120M (spatiotemporal Gaussian copula),9,JPM,0.165,0.187,0.166,0.212,0.27,0.1904706
Chronos-2 120M (spatiotemporal Gaussian copula),9,KR,0.273,0.124,0.13,0.124,0.349,0.11553359999999999
Chronos-2 120M (spatiotemporal Gaussian copula),9,LQD,0.2,0.26,0.239,0.199,0.102,0.20652100000000004
Chronos-2 120M (spatiotemporal Gaussian copula),9,MCHI,0.454,0.163,0.126,0.107,0.15,0.08827080000000001
Chronos-2 120M (spatiotemporal Gaussian copula),9,META,0.388,0.114,0.11,0.095,0.293,0.1717882
Chronos-2 120M (spatiotemporal Gaussian copula),9,MVEU.L,0.123,0.268,0.23,0.243,0.136,0.10962939999999999
Chronos-2 120M (spatiotemporal Gaussian copula),9,OGN,0.348,0.159,0.144,0.134,0.215,0.1092358
Chronos-2 120M (spatiotemporal Gaussian copula),9,PG,0.26,0.217,0.209,0.171,0.143,0.0828348
Chronos-2 120M (spatiotemporal Gaussian copula),9,PPL,0.213,0.194,0.187,0.21,0.196,0.08285399999999998
Chronos-2 120M (spatiotemporal Gaussian copula),9,PRU,0.135,0.158,0.172,0.214,0.321,0.08466800000000001
Chronos-2 120M (spatiotemporal Gaussian copula),9,PYPL,0.405,0.112,0.097,0.11,0.276,0.13129720000000003
Chronos-2 120M (spatiotemporal Gaussian copula),9,RE,0.168,0.171,0.165,0.188,0.308,0.098405
Chronos-2 120M (spatiotemporal Gaussian copula),9,REET,0.112,0.322,0.304,0.21,0.052,0.1496496
Chronos-2 120M (spatiotemporal Gaussian copula),9,ROL,0.257,0.163,0.161,0.172,0.247,0.22940380000000005
Chronos-2 120M (spatiotemporal Gaussian copula),9,ROST,0.302,0.135,0.128,0.147,0.288,0.2216684
Chronos-2 120M (spatiotemporal Gaussian copula),9,SEGA.L,0.282,0.233,0.191,0.166,0.128,0.1707138
Chronos-2 120M (spatiotemporal Gaussian copula),9,SHY,0.173,0.238,0.228,0.232,0.129,0.23556239999999992
Chronos-2 120M (spatiotemporal Gaussian copula),9,SLV,0.348,0.16,0.134,0.148,0.21,0.2830864
Chronos-2 120M (spatiotemporal Gaussian copula),9,SPMV.L,0.137,0.264,0.251,0.244,0.104,0.101898
Chronos-2 120M (spatiotemporal Gaussian copula),9,TLT,0.354,0.187,0.133,0.159,0.167,0.15243240000000005
Chronos-2 120M (spatiotemporal Gaussian copula),9,UNH,0.133,0.166,0.196,0.222,0.283,0.3156407999999999
Chronos-2 120M (spatiotemporal Gaussian copula),9,URI,0.226,0.138,0.123,0.144,0.369,0.1637804
Chronos-2 120M (spatiotemporal Gaussian copula),9,V,0.165,0.197,0.198,0.206,0.234,0.081325
Chronos-2 120M (spatiotemporal Gaussian copula),9,VRSK,0.217,0.21,0.184,0.181,0.208,0.11400059999999998
Chronos-2 120M (spatiotemporal Gaussian copula),9,VXX,0.526,0.07,0.048,0.051,0.305,0.12153059999999996
Chronos-2 120M (spatiotemporal Gaussian copula),9,WRK,0.319,0.168,0.147,0.156,0.21,0.2729972
Chronos-2 120M (spatiotemporal Gaussian copula),9,XLB,0.054,0.255,0.325,0.299,0.067,0.27416840000000003
Chronos-2 120M (spatiotemporal Gaussian copula),9,XLC,0.152,0.243,0.213,0.242,0.15,0.2522586
Chronos-2 120M (spatiotemporal Gaussian copula),9,XLE,0.174,0.098,0.115,0.136,0.477,0.0963116
Chronos-2 120M (spatiotemporal Gaussian copula),9,XLF,0.055,0.22,0.305,0.287,0.133,0.08654780000000002
Chronos-2 120M (spatiotemporal Gaussian copula),9,XLI,0.019,0.231,0.413,0.299,0.038,0.2855748
Chronos-2 120M (spatiotemporal Gaussian copula),9,XLK,0.153,0.219,0.235,0.228,0.165,0.1114934
Chronos-2 120M (spatiotemporal Gaussian copula),9,XLP,0.065,0.221,0.3,0.284,0.13,0.14046339999999996
Chronos-2 120M (spatiotemporal Gaussian copula),9,XLU,0.215,0.236,0.183,0.225,0.141,0.08069260000000002
Chronos-2 120M (spatiotemporal Gaussian copula),9,XLV,0.057,0.236,0.278,0.294,0.135,0.14107280000000003
Chronos-2 120M (spatiotemporal Gaussian copula),9,XLY,0.217,0.219,0.181,0.204,0.179,0.108783
Chronos-2 120M (spatiotemporal Gaussian copula),9,XOM,0.163,0.102,0.096,0.155,0.484,0.0922742
Chronos-2 120M (spatiotemporal Gaussian copula),10,ABBV,0.191,0.2,0.177,0.184,0.248,0.21549800000000002
Chronos-2 120M (spatiotemporal Gaussian copula),10,ACN,0.21,0.24,0.222,0.212,0.116,0.07352800000000001
Chronos-2 120M (spatiotemporal Gaussian copula),10,AEP,0.23,0.192,0.175,0.18,0.223,0.2382244
Chronos-2 120M (spatiotemporal Gaussian copula),10,AIZ,0.423,0.196,0.137,0.121,0.123,0.22975099999999998
Chronos-2 120M (spatiotemporal Gaussian copula),10,ALLE,0.21,0.161,0.165,0.185,0.279,0.2625756
Chronos-2 120M (spatiotemporal Gaussian copula),10,AMAT,0.226,0.115,0.091,0.119,0.449,0.2019164
Chronos-2 120M (spatiotemporal Gaussian copula),10,AMP,0.094,0.153,0.168,0.209,0.376,0.21188919999999997
Chronos-2 120M (spatiotemporal Gaussian copula),10,AMZN,0.458,0.142,0.098,0.105,0.197,0.11675540000000002
Chronos-2 120M (spatiotemporal Gaussian copula),10,AVB,0.396,0.199,0.163,0.132,0.11,0.219501
Chronos-2 120M (spatiotemporal Gaussian copula),10,AVY,0.134,0.165,0.182,0.193,0.326,0.17699879999999996
Chronos-2 120M (spatiotemporal Gaussian copula),10,AXP,0.249,0.18,0.147,0.206,0.218,0.09466840000000001
Chronos-2 120M (spatiotemporal Gaussian copula),10,BDX,0.218,0.186,0.175,0.186,0.235,0.22624119999999998
Chronos-2 120M (spatiotemporal Gaussian copula),10,BF-B,0.197,0.239,0.196,0.214,0.154,0.103209
Chronos-2 120M (spatiotemporal Gaussian copula),10,BMY,0.218,0.234,0.162,0.181,0.205,0.2521698
Chronos-2 120M (spatiotemporal Gaussian copula),10,BR,0.273,0.234,0.199,0.152,0.142,0.1700356
Chronos-2 120M (spatiotemporal Gaussian copula),10,CARR,0.165,0.179,0.142,0.184,0.33,0.16613139999999998
Chronos-2 120M (spatiotemporal Gaussian copula),10,CDW,0.102,0.209,0.178,0.25,0.261,0.08727339999999999
Chronos-2 120M (spatiotemporal Gaussian copula),10,CE,0.232,0.137,0.133,0.175,0.323,0.26806359999999996
Chronos-2 120M (spatiotemporal Gaussian copula),10,CHTR,0.335,0.129,0.104,0.153,0.279,0.1327972
Chronos-2 120M (spatiotemporal Gaussian copula),10,CNC,0.27,0.145,0.125,0.166,0.294,0.20703220000000006
Chronos-2 120M (spatiotemporal Gaussian copula),10,CNP,0.21,0.208,0.186,0.192,0.204,0.24345119999999998
Chronos-2 120M (spatiotemporal Gaussian copula),10,COP,0.181,0.092,0.079,0.116,0.532,0.3804436
Chronos-2 120M (spatiotemporal Gaussian copula),10,CTAS,0.157,0.267,0.208,0.22,0.148,0.12515060000000003
Chronos-2 120M (spatiotemporal Gaussian copula),10,CZR,0.359,0.088,0.075,0.106,0.372,0.21671160000000006
Chronos-2 120M (spatiotemporal Gaussian copula),10,DG,0.247,0.191,0.151,0.193,0.218,0.11865960000000002
Chronos-2 120M (spatiotemporal Gaussian copula),10,DPZ,0.296,0.149,0.124,0.133,0.298,0.13404120000000003
Chronos-2 120M (spatiotemporal Gaussian copula),10,DRE,0.135,0.244,0.247,0.243,0.131,0.06378059999999999
Chronos-2 120M (spatiotemporal Gaussian copula),10,DXC,0.353,0.119,0.095,0.121,0.312,0.19644520000000001
Chronos-2 120M (spatiotemporal Gaussian copula),10,EWA,0.08,0.24,0.279,0.299,0.102,0.095601
Chronos-2 120M (spatiotemporal Gaussian copula),10,EWC,0.04,0.233,0.327,0.331,0.069,0.138978
Chronos-2 120M (spatiotemporal Gaussian copula),10,EWG,0.147,0.196,0.212,0.243,0.202,0.09761739999999998
Chronos-2 120M (spatiotemporal Gaussian copula),10,EWH,0.205,0.196,0.17,0.204,0.225,0.22589840000000003
Chronos-2 120M (spatiotemporal Gaussian copula),10,EWJ,0.05,0.224,0.306,0.31,0.11,0.0532152
Chronos-2 120M (spatiotemporal Gaussian copula),10,EWL,0.108,0.278,0.319,0.233,0.062,0.0959058
Chronos-2 120M (spatiotemporal Gaussian copula),10,EWQ,0.08,0.222,0.243,0.299,0.156,0.08379299999999998
Chronos-2 120M (spatiotemporal Gaussian copula),10,EWT,0.094,0.182,0.232,0.269,0.223,0.078561
Chronos-2 120M (spatiotemporal Gaussian copula),10,EWU,0.078,0.216,0.311,0.288,0.107,0.2511988
Chronos-2 120M (spatiotemporal Gaussian copula),10,EWY,0.078,0.136,0.175,0.271,0.34,0.3913602
Chronos-2 120M (spatiotemporal Gaussian copula),10,EWZ,0.375,0.141,0.107,0.138,0.239,0.11482619999999999
Chronos-2 120M (spatiotemporal Gaussian copula),10,FTV,0.105,0.207,0.243,0.253,0.192,0.3018516
Chronos-2 120M (spatiotemporal Gaussian copula),10,GOOG,0.283,0.164,0.147,0.169,0.237,0.20818060000000002
Chronos-2 120M (spatiotemporal Gaussian copula),10,GPC,0.118,0.192,0.205,0.249,0.236,0.086189
Chronos-2 120M (spatiotemporal Gaussian copula),10,GSG,0.226,0.125,0.115,0.164,0.37,0.2884666
Chronos-2 120M (spatiotemporal Gaussian copula),10,HIG,0.144,0.169,0.2,0.221,0.266,0.090526
Chronos-2 120M (spatiotemporal Gaussian copula),10,HIGH.L,0.113,0.294,0.293,0.234,0.066,0.054554800000000014
Chronos-2 120M (spatiotemporal Gaussian copula),10,HST,0.287,0.156,0.1,0.167,0.29,0.22231340000000005
Chronos-2 120M (spatiotemporal Gaussian copula),10,HYG,0.056,0.338,0.353,0.226,0.027,0.044622
Chronos-2 120M (spatiotemporal Gaussian copula),10,IAU,0.226,0.206,0.173,0.203,0.192,0.0861178
Chronos-2 120M (spatiotemporal Gaussian copula),10,ICLN,0.341,0.179,0.145,0.15,0.185,0.1066262
Chronos-2 120M (spatiotemporal Gaussian copula),10,IEAA.L,0.215,0.284,0.234,0.19,0.077,0.1676888
Chronos-2 120M (spatiotemporal Gaussian copula),10,IEF,0.265,0.232,0.227,0.159,0.117,0.1710198
Chronos-2 120M (spatiotemporal Gaussian copula),10,IEFM.L,0.151,0.243,0.237,0.225,0.144,0.06698679999999999
Chronos-2 120M (spatiotemporal Gaussian copula),10,IEMG,0.122,0.253,0.261,0.255,0.109,0.11437720000000003
Chronos-2 120M (spatiotemporal Gaussian copula),10,IEUS,0.132,0.212,0.231,0.239,0.186,0.07019620000000001
Chronos-2 120M (spatiotemporal Gaussian copula),10,IEVL.L,0.071,0.206,0.237,0.281,0.205,0.07759819999999999
Chronos-2 120M (spatiotemporal Gaussian copula),10,IGF,0.034,0.305,0.406,0.232,0.023,0.036326199999999996
Chronos-2 120M (spatiotemporal Gaussian copula),10,INDA,0.091,0.225,0.29,0.276,0.118,0.1290594
Chronos-2 120M (spatiotemporal Gaussian copula),10,IUMO.L,0.152,0.217,0.245,0.248,0.138,0.065461
Chronos-2 120M (spatiotemporal Gaussian copula),10,IUVL.L,0.102,0.204,0.233,0.253,0.208,0.07196499999999999
Chronos-2 120M (spatiotemporal Gaussian copula),10,IVV,0.013,0.269,0.452,0.257,0.009,0.117306
Chronos-2 120M (spatiotemporal Gaussian copula),10,IWM,0.15,0.313,0.274,0.205,0.058,0.2166804
Chronos-2 120M (spatiotemporal Gaussian copula),10,IXN,0.163,0.229,0.223,0.233,0.152,0.1135124
Chronos-2 120M (spatiotemporal Gaussian copula),10,JPEA.L,0.188,0.286,0.245,0.202,0.079,0.3250444
Chronos-2 120M (spatiotemporal Gaussian copula),10,JPM,0.152,0.182,0.179,0.22,0.267,0.15502360000000004
Chronos-2 120M (spatiotemporal Gaussian copula),10,KR,0.273,0.116,0.132,0.138,0.341,0.15871439999999998
Chronos-2 120M (spatiotemporal Gaussian copula),10,LQD,0.231,0.286,0.218,0.194,0.071,0.3447832
Chronos-2 120M (spatiotemporal Gaussian copula),10,MCHI,0.375,0.132,0.105,0.141,0.247,0.2678454
Chronos-2 120M (spatiotemporal Gaussian copula),10,META,0.533,0.099,0.077,0.084,0.207,0.24580860000000002
Chronos-2 120M (spatiotemporal Gaussian copula),10,MVEU.L,0.108,0.279,0.256,0.243,0.114,0.060375599999999995
Chronos-2 120M (spatiotemporal Gaussian copula),10,OGN,0.311,0.156,0.144,0.143,0.246,0.25132940000000004
Chronos-2 120M (spatiotemporal Gaussian copula),10,PG,0.17,0.218,0.231,0.195,0.186,0.24504020000000004
Chronos-2 120M (spatiotemporal Gaussian copula),10,PPL,0.199,0.207,0.215,0.199,0.18,0.25249560000000004
Chronos-2 120M (spatiotemporal Gaussian copula),10,PRU,0.137,0.184,0.197,0.229,0.253,0.3004286
Chronos-2 120M (spatiotemporal Gaussian copula),10,PYPL,0.386,0.1,0.08,0.122,0.312,0.1853784
Chronos-2 120M (spatiotemporal Gaussian copula),10,RE,0.225,0.17,0.14,0.159,0.306,0.19490220000000003
Chronos-2 120M (spatiotemporal Gaussian copula),10,REET,0.083,0.324,0.337,0.21,0.046,0.085238
Chronos-2 120M (spatiotemporal Gaussian copula),10,ROL,0.226,0.156,0.154,0.177,0.287,0.255733
Chronos-2 120M (spatiotemporal Gaussian copula),10,ROST,0.335,0.164,0.142,0.153,0.206,0.2805086
Chronos-2 120M (spatiotemporal Gaussian copula),10,SEGA.L,0.28,0.233,0.187,0.169,0.131,0.089746
Chronos-2 120M (spatiotemporal Gaussian copula),10,SHY,0.192,0.257,0.236,0.205,0.11,0.06995799999999999
Chronos-2 120M (spatiotemporal Gaussian copula),10,SLV,0.287,0.13,0.149,0.139,0.295,0.2147278
Chronos-2 120M (spatiotemporal Gaussian copula),10,SPMV.L,0.127,0.26,0.272,0.238,0.103,0.1221576
Chronos-2 120M (spatiotemporal Gaussian copula),10,TLT,0.376,0.188,0.123,0.152,0.161,0.32707240000000004
Chronos-2 120M (spatiotemporal Gaussian copula),10,UNH,0.234,0.202,0.182,0.192,0.19,0.13257520000000006
Chronos-2 120M (spatiotemporal Gaussian copula),10,URI,0.216,0.154,0.102,0.172,0.356,0.11781520000000004
Chronos-2 120M (spatiotemporal Gaussian copula),10,V,0.208,0.193,0.195,0.195,0.209,0.12059240000000002
Chronos-2 120M (spatiotemporal Gaussian copula),10,VRSK,0.305,0.233,0.174,0.167,0.121,0.1808108
Chronos-2 120M (spatiotemporal Gaussian copula),10,VXX,0.579,0.067,0.057,0.057,0.24,0.08967320000000002
Chronos-2 120M (spatiotemporal Gaussian copula),10,WRK,0.24,0.162,0.146,0.165,0.287,0.24437539999999996
Chronos-2 120M (spatiotemporal Gaussian copula),10,XLB,0.036,0.223,0.329,0.333,0.079,0.04887239999999998
Chronos-2 120M (spatiotemporal Gaussian copula),10,XLC,0.224,0.267,0.223,0.183,0.103,0.0803324
Chronos-2 120M (spatiotemporal Gaussian copula),10,XLE,0.13,0.102,0.119,0.146,0.503,0.4041868
Chronos-2 120M (spatiotemporal Gaussian copula),10,XLF,0.034,0.212,0.327,0.312,0.115,0.15304520000000005
Chronos-2 120M (spatiotemporal Gaussian copula),10,XLI,0.01,0.228,0.458,0.282,0.022,0.029928799999999995
Chronos-2 120M (spatiotemporal Gaussian copula),10,XLK,0.162,0.242,0.234,0.21,0.152,0.1071216
Chronos-2 120M (spatiotemporal Gaussian copula),10,XLP,0.067,0.253,0.338,0.26,0.082,0.1093154
Chronos-2 120M (spatiotemporal Gaussian copula),10,XLU,0.163,0.235,0.21,0.227,0.165,0.2503724
Chronos-2 120M (spatiotemporal Gaussian copula),10,XLV,0.078,0.274,0.294,0.26,0.094,0.273628
Chronos-2 120M (spatiotemporal Gaussian copula),10,XLY,0.337,0.262,0.178,0.164,0.059,0.130716
Chronos-2 120M (spatiotemporal Gaussian copula),10,XOM,0.119,0.085,0.106,0.158,0.532,0.4337802
Chronos-2 120M (spatiotemporal Gaussian copula),11,ABBV,0.175,0.174,0.175,0.191,0.285,0.1016454
Chronos-2 120M (spatiotemporal Gaussian copula),11,ACN,0.139,0.19,0.198,0.239,0.234,0.29400940000000003
Chronos-2 120M (spatiotemporal Gaussian copula),11,AEP,0.143,0.181,0.178,0.201,0.297,0.09232759999999998
Chronos-2 120M (spatiotemporal Gaussian copula),11,AIZ,0.243,0.187,0.174,0.184,0.212,0.11714180000000003
Chronos-2 120M (spatiotemporal Gaussian copula),11,ALLE,0.27,0.184,0.171,0.175,0.2,0.1419282
Chronos-2 120M (spatiotemporal Gaussian copula),11,AMAT,0.243,0.118,0.09,0.115,0.434,0.2942254
Chronos-2 120M (spatiotemporal Gaussian copula),11,AMP,0.088,0.189,0.171,0.235,0.317,0.09793319999999998
Chronos-2 120M (spatiotemporal Gaussian copula),11,AMZN,0.428,0.137,0.103,0.109,0.223,0.13527240000000004
Chronos-2 120M (spatiotemporal Gaussian copula),11,AVB,0.256,0.216,0.168,0.192,0.168,0.10042880000000001
Chronos-2 120M (spatiotemporal Gaussian copula),11,AVY,0.254,0.207,0.147,0.184,0.208,0.254793
Chronos-2 120M (spatiotemporal Gaussian copula),11,AXP,0.231,0.183,0.158,0.209,0.219,0.12558039999999998
Chronos-2 120M (spatiotemporal Gaussian copula),11,BDX,0.25,0.189,0.16,0.17,0.231,0.24107660000000003
Chronos-2 120M (spatiotemporal Gaussian copula),11,BF-B,0.289,0.233,0.168,0.177,0.133,0.1695588
Chronos-2 120M (spatiotemporal Gaussian copula),11,BMY,0.253,0.225,0.158,0.173,0.191,0.19989399999999996
Chronos-2 120M (spatiotemporal Gaussian copula),11,BR,0.206,0.207,0.183,0.194,0.21,0.23646420000000004
Chronos-2 120M (spatiotemporal Gaussian copula),11,CARR,0.232,0.183,0.155,0.183,0.247,0.09439159999999999
Chronos-2 120M (spatiotemporal Gaussian copula),11,CDW,0.093,0.203,0.182,0.244,0.278,0.17080659999999998
Chronos-2 120M (spatiotemporal Gaussian copula),11,CE,0.335,0.168,0.12,0.168,0.209,0.27580879999999997
Chronos-2 120M (spatiotemporal Gaussian copula),11,CHTR,0.423,0.13,0.124,0.105,0.218,0.13691820000000002
Chronos-2 120M (spatiotemporal Gaussian copula),11,CNC,0.277,0.134,0.113,0.159,0.317,0.239343
Chronos-2 120M (spatiotemporal Gaussian copula),11,CNP,0.129,0.186,0.224,0.194,0.267,0.1539352
Chronos-2 120M (spatiotemporal Gaussian copula),11,COP,0.258,0.091,0.09,0.114,0.447,0.13737899999999997
Chronos-2 120M (spatiotemporal Gaussian copula),11,CTAS,0.095,0.162,0.225,0.274,0.244,0.1777868
Chronos-2 120M (spatiotemporal Gaussian copula),11,CZR,0.405,0.105,0.075,0.097,0.318,0.1734948
Chronos-2 120M (spatiotemporal Gaussian copula),11,DG,0.25,0.165,0.134,0.178,0.273,0.12213100000000002
Chronos-2 120M (spatiotemporal Gaussian copula),11,DPZ,0.365,0.135,0.107,0.121,0.272,0.1763316
Chronos-2 120M (spatiotemporal Gaussian copula),11,DRE,0.157,0.264,0.232,0.242,0.105,0.0666648
Chronos-2 120M (spatiotemporal Gaussian copula),11,DXC,0.378,0.125,0.096,0.11,0.291,0.251475
Chronos-2 120M (spatiotemporal Gaussian copula),11,EWA,0.089,0.27,0.292,0.266,0.083,0.05309839999999999
Chronos-2 120M (spatiotemporal Gaussian copula),11,EWC,0.046,0.268,0.339,0.289,0.058,0.044897
Chronos-2 120M (spatiotemporal Gaussian copula),11,EWG,0.128,0.237,0.293,0.243,0.099,0.2788748
Chronos-2 120M (spatiotemporal Gaussian copula),11,EWH,0.125,0.148,0.152,0.21,0.365,0.1348008
Chronos-2 120M (spatiotemporal Gaussian copula),11,EWJ,0.141,0.288,0.301,0.22,0.05,0.08426440000000002
Chronos-2 120M (spatiotemporal Gaussian copula),11,EWL,0.088,0.285,0.346,0.228,0.053,0.1333286
Chronos-2 120M (spatiotemporal Gaussian copula),11,EWQ,0.044,0.22,0.323,0.303,0.11,0.24166019999999994
Chronos-2 120M (spatiotemporal Gaussian copula),11,EWT,0.124,0.204,0.232,0.256,0.184,0.0700832
Chronos-2 120M (spatiotemporal Gaussian copula),11,EWU,0.028,0.179,0.349,0.333,0.111,0.07301799999999997
Chronos-2 120M (spatiotemporal Gaussian copula),11,EWY,0.18,0.225,0.212,0.22,0.163,0.2555366
Chronos-2 120M (spatiotemporal Gaussian copula),11,EWZ,0.36,0.143,0.103,0.133,0.261,0.1635932
Chronos-2 120M (spatiotemporal Gaussian copula),11,FTV,0.14,0.253,0.254,0.219,0.134,0.10612279999999999
Chronos-2 120M (spatiotemporal Gaussian copula),11,GOOG,0.276,0.162,0.155,0.163,0.244,0.21304099999999998
Chronos-2 120M (spatiotemporal Gaussian copula),11,GPC,0.072,0.137,0.193,0.247,0.351,0.39353399999999994
Chronos-2 120M (spatiotemporal Gaussian copula),11,GSG,0.245,0.143,0.126,0.173,0.313,0.10894679999999998
Chronos-2 120M (spatiotemporal Gaussian copula),11,HIG,0.13,0.144,0.214,0.226,0.286,0.16798319999999997
Chronos-2 120M (spatiotemporal Gaussian copula),11,HIGH.L,0.178,0.337,0.265,0.177,0.043,0.0694316
Chronos-2 120M (spatiotemporal Gaussian copula),11,HST,0.29,0.146,0.099,0.147,0.318,0.227909
Chronos-2 120M (spatiotemporal Gaussian copula),11,HYG,0.069,0.394,0.342,0.178,0.017,0.0514888
Chronos-2 120M (spatiotemporal Gaussian copula),11,IAU,0.272,0.221,0.163,0.183,0.161,0.15465800000000002
Chronos-2 120M (spatiotemporal Gaussian copula),11,ICLN,0.309,0.194,0.161,0.154,0.182,0.174102
Chronos-2 120M (spatiotemporal Gaussian copula),11,IEAA.L,0.261,0.303,0.207,0.169,0.06,0.0628516
Chronos-2 120M (spatiotemporal Gaussian copula),11,IEF,0.291,0.236,0.216,0.161,0.096,0.087535
Chronos-2 120M (spatiotemporal Gaussian copula),11,IEFM.L,0.139,0.257,0.243,0.23,0.131,0.12032380000000001
Chronos-2 120M (spatiotemporal Gaussian copula),11,IEMG,0.121,0.274,0.256,0.254,0.095,0.12069840000000001
Chronos-2 120M (spatiotemporal Gaussian copula),11,IEUS,0.144,0.263,0.255,0.225,0.113,0.12747960000000003
Chronos-2 120M (spatiotemporal Gaussian copula),11,IEVL.L,0.038,0.182,0.264,0.281,0.235,0.067865
Chronos-2 120M (spatiotemporal Gaussian copula),11,IGF,0.009,0.212,0.418,0.321,0.04,0.0917686
Chronos-2 120M (spatiotemporal Gaussian copula),11,INDA,0.086,0.241,0.271,0.27,0.132,0.12787060000000003
Chronos-2 120M (spatiotemporal Gaussian copula),11,IUMO.L,0.106,0.196,0.223,0.245,0.23,0.15539299999999998
Chronos-2 120M (spatiotemporal Gaussian copula),11,IUVL.L,0.16,0.204,0.216,0.241,0.179,0.1277074
Chronos-2 120M (spatiotemporal Gaussian copula),11,IVV,0.009,0.218,0.433,0.324,0.016,0.1426932
Chronos-2 120M (spatiotemporal Gaussian copula),11,IWM,0.154,0.312,0.252,0.207,0.075,0.07880420000000002
Chronos-2 120M (spatiotemporal Gaussian copula),11,IXN,0.162,0.238,0.214,0.245,0.141,0.24622420000000003
Chronos-2 120M (spatiotemporal Gaussian copula),11,JPEA.L,0.221,0.295,0.224,0.186,0.074,0.07763460000000001
Chronos-2 120M (spatiotemporal Gaussian copula),11,JPM,0.21,0.216,0.189,0.212,0.173,0.25754599999999994
Chronos-2 120M (spatiotemporal Gaussian copula),11,KR,0.277,0.11,0.134,0.135,0.344,0.160055
Chronos-2 120M (spatiotemporal Gaussian copula),11,LQD,0.205,0.277,0.239,0.19,0.089,0.07202220000000001
Chronos-2 120M (spatiotemporal Gaussian copula),11,MCHI,0.356,0.144,0.099,0.137,0.264,0.25544659999999997
Chronos-2 120M (spatiotemporal Gaussian copula),11,META,0.356,0.107,0.089,0.103,0.345,0.21496679999999993
Chronos-2 120M (spatiotemporal Gaussian copula),11,MVEU.L,0.077,0.252,0.256,0.259,0.156,0.062146200000000006
Chronos-2 120M (spatiotemporal Gaussian copula),11,OGN,0.307,0.16,0.138,0.141,0.254,0.24697580000000002
Chronos-2 120M (spatiotemporal Gaussian copula),11,PG,0.089,0.174,0.215,0.253,0.269,0.075587
Chronos-2 120M (spatiotemporal Gaussian copula),11,PPL,0.117,0.191,0.221,0.259,0.212,0.0866676
Chronos-2 120M (spatiotemporal Gaussian copula),11,PRU,0.206,0.219,0.188,0.193,0.194,0.11209319999999998
Chronos-2 120M (spatiotemporal Gaussian copula),11,PYPL,0.55,0.115,0.068,0.09,0.177,0.26266860000000003
Chronos-2 120M (spatiotemporal Gaussian copula),11,RE,0.18,0.153,0.147,0.175,0.345,0.16054279999999999
Chronos-2 120M (spatiotemporal Gaussian copula),11,REET,0.065,0.298,0.342,0.243,0.052,0.09994459999999998
Chronos-2 120M (spatiotemporal Gaussian copula),11,ROL,0.342,0.184,0.139,0.138,0.197,0.16173479999999998
Chronos-2 120M (spatiotemporal Gaussian copula),11,ROST,0.17,0.13,0.114,0.156,0.43,0.12303920000000002
Chronos-2 120M (spatiotemporal Gaussian copula),11,SEGA.L,0.357,0.226,0.166,0.146,0.105,0.10827279999999997
Chronos-2 120M (spatiotemporal Gaussian copula),11,SHY,0.246,0.275,0.222,0.18,0.077,0.08078700000000003
Chronos-2 120M (spatiotemporal Gaussian copula),11,SLV,0.326,0.153,0.129,0.141,0.251,0.1536764
Chronos-2 120M (spatiotemporal Gaussian copula),11,SPMV.L,0.1,0.241,0.252,0.266,0.141,0.12596220000000002
Chronos-2 120M (spatiotemporal Gaussian copula),11,TLT,0.366,0.18,0.125,0.135,0.194,0.09718979999999998
Chronos-2 120M (spatiotemporal Gaussian copula),11,UNH,0.154,0.156,0.181,0.203,0.306,0.3089066
Chronos-2 120M (spatiotemporal Gaussian copula),11,URI,0.244,0.12,0.119,0.141,0.376,0.1629394
Chronos-2 120M (spatiotemporal Gaussian copula),11,V,0.209,0.214,0.201,0.18,0.196,0.2516804
Chronos-2 120M (spatiotemporal Gaussian copula),11,VRSK,0.191,0.189,0.182,0.199,0.239,0.08596919999999998
Chronos-2 120M (spatiotemporal Gaussian copula),11,VXX,0.717,0.065,0.038,0.047,0.133,0.03554039999999999
Chronos-2 120M (spatiotemporal Gaussian copula),11,WRK,0.326,0.159,0.137,0.142,0.236,0.15681620000000002
Chronos-2 120M (spatiotemporal Gaussian copula),11,XLB,0.035,0.229,0.344,0.315,0.077,0.046102800000000006
Chronos-2 120M (spatiotemporal Gaussian copula),11,XLC,0.17,0.269,0.209,0.212,0.14,0.132225
Chronos-2 120M (spatiotemporal Gaussian copula),11,XLE,0.205,0.104,0.107,0.156,0.428,0.12754919999999997
Chronos-2 120M (spatiotemporal Gaussian copula),11,XLF,0.081,0.302,0.328,0.23,0.059,0.13245040000000002
Chronos-2 120M (spatiotemporal Gaussian copula),11,XLI,0.005,0.237,0.441,0.29,0.027,0.1051614
Chronos-2 120M (spatiotemporal Gaussian copula),11,XLK,0.145,0.246,0.228,0.232,0.149,0.25385359999999996
Chronos-2 120M (spatiotemporal Gaussian copula),11,XLP,0.028,0.206,0.321,0.314,0.131,0.054145200000000004
Chronos-2 120M (spatiotemporal Gaussian copula),11,XLU,0.1,0.225,0.212,0.246,0.217,0.0754166
Chronos-2 120M (spatiotemporal Gaussian copula),11,XLV,0.036,0.221,0.288,0.32,0.135,0.155719
Chronos-2 120M (spatiotemporal Gaussian copula),11,XLY,0.179,0.231,0.202,0.212,0.176,0.24073219999999998
Chronos-2 120M (spatiotemporal Gaussian copula),11,XOM,0.173,0.122,0.105,0.145,0.455,0.11479579999999998
Chronos-2 120M (spatiotemporal Gaussian copula),12,ABBV,0.108,0.131,0.165,0.215,0.381,0.37503240000000004
Chronos-2 120M (spatiotemporal Gaussian copula),12,ACN,0.194,0.209,0.21,0.201,0.186,0.122082
Chronos-2 120M (spatiotemporal Gaussian copula),12,AEP,0.148,0.172,0.183,0.202,0.295,0.30446760000000006
Chronos-2 120M (spatiotemporal Gaussian copula),12,AIZ,0.232,0.179,0.171,0.185,0.233,0.1231516
Chronos-2 120M (spatiotemporal Gaussian copula),12,ALLE,0.269,0.192,0.164,0.179,0.196,0.2643846
Chronos-2 120M (spatiotemporal Gaussian copula),12,AMAT,0.35,0.12,0.085,0.112,0.333,0.21926279999999995
Chronos-2 120M (spatiotemporal Gaussian copula),12,AMP,0.096,0.199,0.181,0.242,0.282,0.1676682
Chronos-2 120M (spatiotemporal Gaussian copula),12,AMZN,0.487,0.157,0.096,0.105,0.155,0.382706
Chronos-2 120M (spatiotemporal Gaussian copula),12,AVB,0.264,0.206,0.17,0.192,0.168,0.27848400000000006
Chronos-2 120M (spatiotemporal Gaussian copula),12,AVY,0.195,0.196,0.185,0.182,0.242,0.2514492
Chronos-2 120M (spatiotemporal Gaussian copula),12,AXP,0.285,0.202,0.156,0.182,0.175,0.2824936
Chronos-2 120M (spatiotemporal Gaussian copula),12,BDX,0.198,0.178,0.169,0.203,0.252,0.2606218
Chronos-2 120M (spatiotemporal Gaussian copula),12,BF-B,0.25,0.224,0.17,0.186,0.17,0.1461624
Chronos-2 120M (spatiotemporal Gaussian copula),12,BMY,0.223,0.203,0.144,0.186,0.244,0.09512819999999998
Chronos-2 120M (spatiotemporal Gaussian copula),12,BR,0.305,0.219,0.183,0.151,0.142,0.3207228000000001
Chronos-2 120M (spatiotemporal Gaussian copula),12,CARR,0.268,0.175,0.165,0.186,0.206,0.1360346
Chronos-2 120M (spatiotemporal Gaussian copula),12,CDW,0.12,0.211,0.169,0.245,0.255,0.1857972
Chronos-2 120M (spatiotemporal Gaussian copula),12,CE,0.3,0.147,0.116,0.153,0.284,0.1374868
Chronos-2 120M (spatiotemporal Gaussian copula),12,CHTR,0.385,0.122,0.101,0.124,0.268,0.2621524
Chronos-2 120M (spatiotemporal Gaussian copula),12,CNC,0.304,0.135,0.118,0.145,0.298,0.216838
Chronos-2 120M (spatiotemporal Gaussian copula),12,CNP,0.133,0.176,0.211,0.218,0.262,0.1588428
Chronos-2 120M (spatiotemporal Gaussian copula),12,COP,0.182,0.09,0.082,0.107,0.539,0.381389
Chronos-2 120M (spatiotemporal Gaussian copula),12,CTAS,0.157,0.228,0.193,0.233,0.189,0.12333579999999997
Chronos-2 120M (spatiotemporal Gaussian copula),12,CZR,0.472,0.095,0.081,0.088,0.264,0.30117459999999996
Chronos-2 120M (spatiotemporal Gaussian copula),12,DG,0.191,0.147,0.143,0.206,0.313,0.29201099999999997
Chronos-2 120M (spatiotemporal Gaussian copula),12,DPZ,0.323,0.147,0.124,0.129,0.277,0.1509588
Chronos-2 120M (spatiotemporal Gaussian copula),12,DRE,0.1,0.209,0.244,0.263,0.184,0.14422920000000003
Chronos-2 120M (spatiotemporal Gaussian copula),12,DXC,0.295,0.118,0.097,0.119,0.371,0.12706699999999999
Chronos-2 120M (spatiotemporal Gaussian copula),12,EWA,0.112,0.296,0.285,0.237,0.07,0.1328314
Chronos-2 120M (spatiotemporal Gaussian copula),12,EWC,0.073,0.31,0.345,0.238,0.034,0.13663160000000002
Chronos-2 120M (spatiotemporal Gaussian copula),12,EWG,0.118,0.252,0.285,0.248,0.097,0.11785160000000001
Chronos-2 120M (spatiotemporal Gaussian copula),12,EWH,0.189,0.198,0.176,0.191,0.246,0.13259500000000002
Chronos-2 120M (spatiotemporal Gaussian copula),12,EWJ,0.186,0.337,0.282,0.163,0.032,0.19143479999999996
Chronos-2 120M (spatiotemporal Gaussian copula),12,EWL,0.108,0.307,0.328,0.209,0.048,0.050448400000000004
Chronos-2 120M (spatiotemporal Gaussian copula),12,EWQ,0.046,0.242,0.311,0.294,0.107,0.09106199999999999
Chronos-2 120M (spatiotemporal Gaussian copula),12,EWT,0.169,0.229,0.259,0.219,0.124,0.12679800000000002
Chronos-2 120M (spatiotemporal Gaussian copula),12,EWU,0.026,0.157,0.33,0.366,0.121,0.057194999999999996
Chronos-2 120M (spatiotemporal Gaussian copula),12,EWY,0.306,0.25,0.191,0.155,0.098,0.19407700000000006
Chronos-2 120M (spatiotemporal Gaussian copula),12,EWZ,0.29,0.122,0.101,0.135,0.352,0.15818340000000003
Chronos-2 120M (spatiotemporal Gaussian copula),12,FTV,0.161,0.273,0.235,0.212,0.119,0.13519980000000004
Chronos-2 120M (spatiotemporal Gaussian copula),12,GOOG,0.336,0.209,0.147,0.138,0.17,0.31553700000000007
Chronos-2 120M (spatiotemporal Gaussian copula),12,GPC,0.116,0.183,0.194,0.244,0.263,0.16621500000000006
Chronos-2 120M (spatiotemporal Gaussian copula),12,GSG,0.171,0.132,0.127,0.154,0.416,0.20260119999999998
Chronos-2 120M (spatiotemporal Gaussian copula),12,HIG,0.119,0.141,0.212,0.234,0.294,0.3377962
Chronos-2 120M (spatiotemporal Gaussian copula),12,HIGH.L,0.103,0.27,0.306,0.252,0.069,0.051508
Chronos-2 120M (spatiotemporal Gaussian copula),12,HST,0.366,0.144,0.105,0.152,0.233,0.272114
Chronos-2 120M (spatiotemporal Gaussian copula),12,HYG,0.046,0.329,0.362,0.235,0.028,0.0425388
Chronos-2 120M (spatiotemporal Gaussian copula),12,IAU,0.195,0.182,0.181,0.207,0.235,0.13534859999999999
Chronos-2 120M (spatiotemporal Gaussian copula),12,ICLN,0.396,0.209,0.128,0.139,0.128,0.1221028
Chronos-2 120M (spatiotemporal Gaussian copula),12,IEAA.L,0.198,0.273,0.236,0.215,0.078,0.0705956
Chronos-2 120M (spatiotemporal Gaussian copula),12,IEF,0.237,0.215,0.203,0.213,0.132,0.0985844
Chronos-2 120M (spatiotemporal Gaussian copula),12,IEFM.L,0.036,0.134,0.218,0.302,0.31,0.10016800000000001
Chronos-2 120M (spatiotemporal Gaussian copula),12,IEMG,0.151,0.291,0.254,0.228,0.076,0.0632714
Chronos-2 120M (spatiotemporal Gaussian copula),12,IEUS,0.163,0.283,0.267,0.211,0.076,0.14792599999999997
Chronos-2 120M (spatiotemporal Gaussian copula),12,IEVL.L,0.038,0.158,0.214,0.314,0.276,0.0928272
Chronos-2 120M (spatiotemporal Gaussian copula),12,IGF,0.018,0.224,0.401,0.318,0.039,0.1407716
Chronos-2 120M (spatiotemporal Gaussian copula),12,INDA,0.111,0.258,0.27,0.258,0.103,0.2658824
Chronos-2 120M (spatiotemporal Gaussian copula),12,IUMO.L,0.114,0.186,0.202,0.272,0.226,0.3148152
Chronos-2 120M (spatiotemporal Gaussian copula),12,IUVL.L,0.165,0.184,0.224,0.234,0.193,0.10292079999999999
Chronos-2 120M (spatiotemporal Gaussian copula),12,IVV,0.01,0.305,0.468,0.213,0.004,0.142486
Chronos-2 120M (spatiotemporal Gaussian copula),12,IWM,0.232,0.336,0.238,0.151,0.043,0.3883866000000001
Chronos-2 120M (spatiotemporal Gaussian copula),12,IXN,0.262,0.295,0.21,0.159,0.074,0.3649315999999999
Chronos-2 120M (spatiotemporal Gaussian copula),12,JPEA.L,0.169,0.277,0.25,0.218,0.086,0.06545780000000001
Chronos-2 120M (spatiotemporal Gaussian copula),12,JPM,0.179,0.208,0.195,0.241,0.177,0.07757259999999999
Chronos-2 120M (spatiotemporal Gaussian copula),12,KR,0.259,0.105,0.112,0.131,0.393,0.27652040000000006
Chronos-2 120M (spatiotemporal Gaussian copula),12,LQD,0.195,0.239,0.258,0.211,0.097,0.0661308
Chronos-2 120M (spatiotemporal Gaussian copula),12,MCHI,0.363,0.142,0.108,0.131,0.256,0.1184198
Chronos-2 120M (spatiotemporal Gaussian copula),12,META,0.38,0.115,0.083,0.106,0.316,0.23827299999999996
Chronos-2 120M (spatiotemporal Gaussian copula),12,MVEU.L,0.086,0.237,0.246,0.28,0.151,0.13485740000000002
Chronos-2 120M (spatiotemporal Gaussian copula),12,OGN,0.237,0.144,0.129,0.16,0.33,0.110066
Chronos-2 120M (spatiotemporal Gaussian copula),12,PG,0.065,0.151,0.21,0.286,0.288,0.38026020000000005
Chronos-2 120M (spatiotemporal Gaussian copula),12,PPL,0.102,0.169,0.197,0.269,0.263,0.33800759999999996
Chronos-2 120M (spatiotemporal Gaussian copula),12,PRU,0.178,0.223,0.197,0.207,0.195,0.11802279999999998
Chronos-2 120M (spatiotemporal Gaussian copula),12,PYPL,0.557,0.127,0.085,0.094,0.137,0.422847
Chronos-2 120M (spatiotemporal Gaussian copula),12,RE,0.118,0.13,0.147,0.173,0.432,0.2264154
Chronos-2 120M (spatiotemporal Gaussian copula),12,REET,0.089,0.319,0.33,0.216,0.046,0.144229
Chronos-2 120M (spatiotemporal Gaussian copula),12,ROL,0.309,0.16,0.153,0.163,0.215,0.1133102
Chronos-2 120M (spatiotemporal Gaussian copula),12,ROST,0.173,0.136,0.138,0.168,0.385,0.3230888
Chronos-2 120M (spatiotemporal Gaussian copula),12,SEGA.L,0.271,0.22,0.185,0.184,0.14,0.08781960000000003
Chronos-2 120M (spatiotemporal Gaussian copula),12,SHY,0.156,0.227,0.233,0.246,0.138,0.11430499999999999
Chronos-2 120M (spatiotemporal Gaussian copula),12,SLV,0.293,0.149,0.126,0.131,0.301,0.21768760000000004
Chronos-2 120M (spatiotemporal Gaussian copula),12,SPMV.L,0.112,0.227,0.251,0.28,0.13,0.126893
Chronos-2 120M (spatiotemporal Gaussian copula),12,TLT,0.323,0.167,0.148,0.146,0.216,0.10442579999999999
Chronos-2 120M (spatiotemporal Gaussian copula),12,UNH,0.211,0.174,0.163,0.203,0.249,0.25341020000000003
Chronos-2 120M (spatiotemporal Gaussian copula),12,URI,0.243,0.129,0.134,0.132,0.362,0.17210260000000002
Chronos-2 120M (spatiotemporal Gaussian copula),12,V,0.16,0.185,0.192,0.223,0.24,0.09811879999999998
Chronos-2 120M (spatiotemporal Gaussian copula),12,VRSK,0.19,0.22,0.183,0.194,0.213,0.1190436
Chronos-2 120M (spatiotemporal Gaussian copula),12,VXX,0.729,0.069,0.041,0.046,0.115,0.03067819999999999
Chronos-2 120M (spatiotemporal Gaussian copula),12,WRK,0.345,0.154,0.143,0.137,0.221,0.1714062
Chronos-2 120M (spatiotemporal Gaussian copula),12,XLB,0.061,0.27,0.347,0.266,0.056,0.1152204
Chronos-2 120M (spatiotemporal Gaussian copula),12,XLC,0.201,0.3,0.222,0.178,0.099,0.3251864
Chronos-2 120M (spatiotemporal Gaussian copula),12,XLE,0.155,0.098,0.114,0.15,0.483,0.2432024
Chronos-2 120M (spatiotemporal Gaussian copula),12,XLF,0.056,0.262,0.34,0.267,0.075,0.045369799999999995
Chronos-2 120M (spatiotemporal Gaussian copula),12,XLI,0.012,0.23,0.434,0.293,0.031,0.032929
Chronos-2 120M (spatiotemporal Gaussian copula),12,XLK,0.239,0.288,0.226,0.163,0.084,0.34818299999999996
Chronos-2 120M (spatiotemporal Gaussian copula),12,XLP,0.029,0.189,0.281,0.374,0.127,0.36429900000000004
Chronos-2 120M (spatiotemporal Gaussian copula),12,XLU,0.111,0.225,0.203,0.252,0.209,0.2974838
Chronos-2 120M (spatiotemporal Gaussian copula),12,XLV,0.053,0.244,0.295,0.305,0.103,0.13481820000000003
Chronos-2 120M (spatiotemporal Gaussian copula),12,XLY,0.245,0.298,0.21,0.183,0.064,0.35959579999999997
Chronos-2 120M (spatiotemporal Gaussian copula),12,XOM,0.145,0.092,0.12,0.144,0.499,0.1479288
